序号,省区市,单位名称,统一社会信用代码
1.0,北京,大唐国际发电股份有限公司北京高井热电厂,91110107X00093147W
2.0,北京,华能北京热电有限责任公司,91110000X26000551M
3.0,北京,华电（北京）热电有限公司,91110000801105793G
4.0,北京,北京京能高安屯燃气热电有限责任公司,911100005674558745
5.0,北京,北京京能燃气轮机热电有限责任公司,911100007546789268
6.0,北京,北京国桥热电有限责任公司,911100007582318148
7.0,北京,北京京西燃气热电有限公司,9111010759387060XH
8.0,北京,北京太阳宫燃气热电有限公司,91110000781700113N
9.0,北京,北京京能未来燃气热电有限责任公司,91110114067316755U
10.0,北京,神华国华（北京）燃气热电有限公司,911100005964040272N
11.0,北京,华润协鑫（北京）热电有限公司,91110302765505908J
12.0,北京,北京华电王府井高压直流输电有限公司,9111029710101150L
13.0,北京,北京京上燃气热电有限公司,911108059768881307
14.0,天津,国华能源发展（天津）有限公司,911201160005660060D
15.0,天津,神华集团包头热电有限公司,91120116MA0746773M
16.0,天津,天津泰达能源发展有限公司,91120116MA07993565
17.0,天津,天津旭化系留联有限公司,911201668188038489
18.0,天津,天津港（安贞）能源发电有限责任公司,91120167182588797
19.0,天津,天津国投华电有限公司,911201167615225022U
20.0,天津,天津环保热电有限公司,91120116749111765C
21.0,天津,天津国电津能热电有限责任公司,91120110773170746
22.0,天津,天津军粮城热电有限责任公司,9112011207304978X
23.0,天津,天津陈塘热电有限责任公司,9112010303066846F
24.0,天津,天津津清热国际热电发电有限责任公司,9112027505060092E
25.0,天津,天津华佳物业发展有限责任公司,91120257128239294W
26.0,天津,天津华能杨柳青热电有限责任公司,9112011130369465F
27.0,天津,华能塘沽(天津)燃气热电有限责任公司,911201163003705562
28.0,天津,天津津滨海方力有限责任公司,91120116705061059Q
29.0,天津,天津电建津滨热电有限责任公司,9112011659546210XF
30.0,天津,天津华电福清热电有限责任公司,91120225897892180
31.0,天津,天津津沽热电有限责任公司,91120100613067112F
32.0,天津,中国石油化工股份有限公司天津分公司,91120000722958405G
33.0,天津,玖龙纸业(天津)有限公司,911202216688097903
34.0,天津,天津津缘热发电有限责任公司,9112011708303412F
35.0,天津,天津保护电源股份有限公司,9112011610310702XW
36.0,天津,天津华电高齿热电有限责任公司,9112110661228278B
37.0,天津,天津华电北城电力有限责任公司沧源公司,91120113758434985F
38.0,天津,国电邯热电电力有限责任公司,91130426763441832N
39.0,河北,国电内蒙高生发电股份有限公司,91130467611760776G
40.0,河北,河北电建段玉化电有限公司,91130000611110408T
41.0,河北,河北西段城第二发电项目有限责任公司,91130000752436982B
42.0,河北,河北北沾化电力发电有限责任公司,91130294878073449Z
43.0,河北,河北雄安预发电有限公司,91130528687024809Y
44.0,河北,河北建科发电发电有限公司,91130911735605449Z
45.0,河北,隆能保定发电有限责任公司,91130607239271669D
46.0,河北,国电承德热电公司,911308072852919836
47.0,河北,国电承德热电二公司,91130803656006163
48.0,河北,建设承德热电二公司,9113000757926759452
49.0,河北,邯郸热电(集团)发电公司裕西发电厂,91130006683613599X
50.0,河北,大唐国际发电股份有限公司张家口发电厂,911307005629475942
51.0,河北,河北北控投热化电有限公司,91130006683011018
52.0,河北,国电东分热电项目有限公司软件,91130007431450741R
53.0,河北,河北篙华投热电有限公司,91130500798785857L
54.0,河北,衡水电发热电有限公司,91130508724913716T
55.0,河北,石家庄电力热电公司闫铸热电厂,911308076972891356
56.0,河北,,911311026867148045
57.0,河北,,91130000474686909X
58.0,河北,,
59.0,河北,河北西柏坡发电有限责任公司,911301318043288021
60.0,河北,建投沧州热电有限责任公司,911305273918198866
61.0,河北,华润电力(唐山)丰润有限公司,91130200639340143P
62.0,河北,沧州华润热电有限公司,91130900717868157F
63.0,河北,华润电力(涿鹿)有限公司,91130906506490124E
64.0,河北,河北建投任丘热电有限责任公司,9113098277615447XY
65.0,河北,秦皇岛发电有限责任公司,91130300700611419P
66.0,河北,大唐保定热电厂,911306008059435839
67.0,河北,大唐国际发电股份有限公司唐山花园发电厂,91130700183047676
68.0,河北,河北大唐国际张家口热电有限责任公司,9113070167990964XU
69.0,河北,大唐国际保定热电分公司新望发电,911302008407918056
70.0,河北,唐山市开滦热电有限责任公司唐山热电分公司,911302007329123631
71.0,河北,河北大唐国际迁安热电有限责任公司,911302038728570626F
72.0,河北,大唐蔚州热电有限责任公司,91130685054252811
73.0,河北,国电电力发展股份有限公司邯郸热电厂,911304057893487227
74.0,河北,河北邯郸热电有限公司,9113040071332737
75.0,河北,河北华电石家庄裕华热电有限公司,911300007913866517
76.0,河北,河北华电石家庄热电有限公司,91130107131876450
77.0,河北,大唐河北发电有限公司马头热电分公司,91130409296957407C
78.0,河北,承钢北方发电有限公司,911306815775194530
79.0,河北,华润电力(唐山曹妃甸)有限公司,9113020769817810G
80.0,河北,河北大唐国际陡河发电有限责任公司,9113020073738905J
81.0,河北,唐山市曹妃甸热电有限公司,91130200610786477
82.0,河北,河北大唐国际丰润热电有限责任公司,91130201687524510X
83.0,河北,河北建投能源综合开发有限公司,911301821072291336
84.0,河北,张家口蓝城能源有限公司,9113062876620983P
85.0,河北,淄博新昌热电有限责任公司,91130630108160102X
86.0,河北,河北长润环保科技有限公司,91130628059110184Z
87.0,广东,广东长青(集团)满城热电有限责任公司,91130607239851273C
88.0,河北,河北中科能源有限公司,91131815604809117
89.0,河北,唐山市承德市希尔邦有限公司,911302070266391
90.0,河北,开滦热电有限公司,9113027916857056F
91.0,河北,玉田县顺发热电实业有限公司,9113007771850565
92.0,河北,迁安生辉热电有限公司,91130485332668879
93.0,河北,大唐唐安发电有限公司,91130575589921624M
94.0,河北,陕煤天池热电有限公司,91132520094087234X
95.0,河北,冀中能源股份有限公司东庞矿开石热电厂,9113050766686198R
96.0,河北,冀中能源峰峰集团有限公司九龙矿石热电厂,91130492692089340T
97.0,河北,冀中能源峰峰集团有限公司矿研石热电厂,911304066920863932
98.0,河北,冀中能源峰峰集团有限公司南桐矿研石热电厂,911304066760150450J
99.0,河北,承德盛热力有限公司,911308043361508037
100.0,河北,石家庄新东方热电有限公司,911301846012366925
101.0,河北,河北定州热电有限责任公司,9113012471315438T
102.0,河北,石家庄煤热电有限公司,91130100601905657E
103.0,河北,赵县赵州热电有限公司,91130133748460226P
104.0,河北,河北肥乐热能科技有限公司,91130181347870652D
105.0,河北,武安顶峰热电有限责任公司,91130481601083243C
106.0,河北,兴隆县鹏维热力有限公司,91130822670334050F
107.0,河北,兴隆县兴隆热力有限责任公司,91130822733296999XK
108.0,河北,秦皇岛秦热发电有限责任公司,911303007484866886
109.0,河北,唐山中浩化工有限公司,911392945577663157F
110.0,河北,河北省芳光化工有限责任公司,911309001967384X4Y
111.0,河北,河北紫光化学股份有限公司,911309236094210142D
112.0,河北,河北民联民碱粉业有限公司,9113082574415091621
113.0,河北,现龙焦业（河北）有限公司,911302007554816439
114.0,河北,河北么蒡焦化有限公司,91130229650475338Q
115.0,河北,河北永和农林业科技有限公司,91130300MK780107
116.0,河北,秦皇岛柳播塑粉股份有限公司,91130300700806160H
117.0,河北,秦皇岛冶远淮选粉有限公司,91130322105438498G
118.0,河北,沧州旭阳化工有限公司,9113090657370896F
119.0,河北,河北洺港化工有限公司,911309172716047XG
120.0,河北,冀中能源股份有限公司寨村矿研石热电厂,91130582766631359A
121.0,河北,"华能国际股份有限公司""安庄电厂",91130100X701123K
122.0,河北,唐山三友化工股份有限公司热电分公司,911305200AQ0B735M
123.0,山西,玉锋实业集团有限公司,9113052861068705W
124.0,山西,太原市同施能源有限公司,91130405704698642
125.0,山西,山西兴能电力有限责任公司,91140181746038726
126.0,山西,大唐山西发电有限公司阳城第二热电厂,911400000140692
127.0,山西,晋能电力集团有限公司臧墁电分公司,9114010018309073P
128.0,山西,华能大同朔州燃料热电有限责任公司,911400748584320N
129.0,山西,山西西山电子有限公司,9114010107008732
130.0,山西,山西太钢不锈钢股份有限公司,91140100284584320N
131.0,山西,古交市日月热电有限公司,911400000140692K
132.0,山西,大同丘家坡煤炭发电有限公司,91140181674669537X
133.0,山西,国电电力发展股份有限公司同华发电分公司,9114020655087206D
134.0,山西,同煤大唐煤业发电有限公司,9114020536888538N
135.0,山西,山西大陆国际云冈热电有限责任公司,9114020017986538XQ
136.0,山西,中煤太原能源集团有限责任公司,91140200766493343P
137.0,山西,山西潞安阳光热电有限公司,9114020083709727T
138.0,山西,山西美锦大唐热电有限公司,911402076264440XK
139.0,山西,国电晋北大唐岱山发电有限公司,91140209742082571
140.0,山西,国电电力大同发电有限责任公司,9114020736341078X
141.0,山西,山西合成橡胶集团有限责任公司,9114000011039029X4
142.0,山西,大同华岳热电有限责任公司,911402075272828523
143.0,山西,阳煤集团阳顺化工有限责任公司,911407236991054381
144.0,山西,华电国际电力股份有限公司朔州热电分公司,91140000592969770B
145.0,山西,山西大唐阳城神头发电有限责任公司,91140600175928128B
146.0,山西,神华国能集团有限公司神头第二发电厂,9114060011141066XH
147.0,山西,山西平朔煤矿石炭井有限责任公司,911400073435466699
148.0,山西,山西晋光光电有限责任公司,9114060868259104J
149.0,山西,山西沁炼煤矿石炭井有限责任公司,911406217646679567
150.0,山西,山西安康电电子开发有限责任公司,911402646453096E
151.0,山西,山西京玉发电有限责任公司,9114060878161334N
152.0,山西,山西中煤板块煤炭研究所,91140007435208403
153.0,山西,宁丰电科技太阳能有限责任公司,9114000855816824H
154.0,山西,华电仿小矿学校有限责任公司,9114090752976978E
155.0,山西,山西晋能耐用发电有限公司,91140930736333166M
156.0,山西,神华开东电力山西前发电有限公司,911409300926929917
157.0,山西,榆关县夫奠电力有限责任公司,911409327516094X1K
158.0,山西,山西潞电开发热电有限公司,91140000792213230A
159.0,山西,国家煤炭集团同仁个别有限公司热电分公司,91140900746401990
160.0,山西,阳泉煤业（集团）股份有限公司发供电分公司,911403X0022057983
161.0,山西,山西润燎发电有限责任公司,9114000071071880K
162.0,山西,阳泉市南嫁龙川风电有限责任公司,911403216610439597J
163.0,山西,山西国光光电有限责任公司,91140000713679818W
164.0,山西,山西光菲电力有限责任公司,91140321MA0GRFJY93
165.0,山西,沙口科热丽再生能源有限责任公司,91140321MA0GRFJY93
166.0,山西,山西国峰煤电有限责任公司,91141182054194760B
167.0,山西,山西昌压力方有限责任公司,9114110069298290U
168.0,山西,山西国储煤业有限公司,911411057271854236
169.0,山西,山西国际能源集团洗发电有限责任公司,9114125672330606XX
170.0,山西,山西华光发电有限责任公司,91140000710032286M
171.0,山西,山西烧机电力有限责任公司,911400007150505707G
172.0,山西,山西岢父煤矿石炭井有限责任公司,9114181734000923K
173.0,山西,山西省泌化工有限公司,91141115833470804
174.0,山西,柳林县润泽煤矿有限责任公司,911411285732809098
175.0,山西,山西长安电有限公司,911411307198862363
176.0,山西,霍州煤业集团吕梁业煤电有限公司,911400007684973384
177.0,山西,山西东泰龙源瑞邹三里堡发电有限责任公司,9114110375250720ZJ
178.0,山西,山西大江煤焦化有限责任公司,911400007410965483
179.0,山西,太铜集团凤县矿业有限公司,91141127694296714
180.0,山西,孝义市兴化工有限公司,9114000672317207E
181.0,山西,晋能太河热电有限公司,9114110325745721K
182.0,山西,孝义市益热电有限公司,91141118777617873M
183.0,山西,交口县黑热冶炼有限公司,911411037430567853
184.0,山西,山西申锰能源有限公司,911411296644746208
185.0,山西,中铝集团山西交口兴科科技股份有限公司,91141100538345990F
186.0,山西,山西华兴维有限公司,9114000055870084XW
187.0,山西,山西煤矸石发媒气化有限责任公司,91140000746049369X
188.0,山西,文水县景兴龙化肥有限公司,911411200112184XR
189.0,山西,灵石县孚和垃圾焚发电有限公司,91140729554115838K
190.0,山西,国电榆次热电有限公司,9114000672340884J
191.0,山西,华能榆代发电有限责任公司,9114000672300072C
192.0,山西,华能杳权横发电有限责任公司,911407226968507257
193.0,山西,介休市涌绿色能源有限公司,9114078197827320X3
194.0,山西,介休市虎溪热电有限公司,91140781761472435J
195.0,山西,山西常兴热电有限责任公司,9114000664455059A
196.0,山西,山西万安光电有限公司,91140728666651845K
197.0,山西,东方希望晋中铝业有限公司,9114072956358673
198.0,山西,山西硅业工贸有限公司,9114000074275171
199.0,山西,山西强伟热化有限公司,91140725689676909P
200.0,山西,山西西山产业（集团）有限责任公司,9114000012731529F
201.0,山西,山西昌光光电有限公司,91140720980605449Q
202.0,山西,山西潞合热电有限责任公司,91140427767343355
203.0,山西,山西潞安环保能源开发股分公司贯发电分公司,91140429476014940
204.0,山西,武乡县电有限责任公司,9114000736323190L
205.0,山西,长治市军区宿舍力有限公司,91140000765319197H
206.0,山西,山西晋丰肥电有限责任公司,911409715541004050
207.0,山西,山西潞业电有限责任公司,911400060764339470
208.0,山西,晋锋长治热电有限公司,911400027382060780
209.0,山西,襄垪县课热力有限公司,91140724376222449K
210.0,山西,山西冀滨李发电有限责任公司,
211.0,山西,山西节能资安电力节能服务有限公司,91140223359420033K
212.0,山西,山西资聚热燃气有限公司吉留发电厂,911404246966670137
213.0,山西,长治晋源发电有限公司,91140407858371215X
214.0,山西,山西漳泽煤业(集团)有限责任公司五阳热电厂,9114042377518348XM
215.0,山西,山西沁新煤业有限公司城西发电厂,911404231MA0KJY09
216.0,山西,天脊煤化工集团股份有限公司,911400001109001308
217.0,山西,山西建筑漳泽化工有限责任公司,9114000788542760L
218.0,山西,壶关第二发电厂,911404277410753222
219.0,山西,阳城国际发电有限责任公司,91140006002030681C
220.0,山西,大唐阳城发电有限责任公司,91140000776713657A
221.0,山西,阳煤燃烧能源有限责任公司,9114052269427315XM
222.0,山西,国投晋城热电有限公司,9114052567122601Q
223.0,山西,晋城恒光硅石石热电有限责任公司,91140500743005580U
224.0,山西,晋城新东方热电有限公司,9114052576474830X
225.0,山西,国电华北电力有限责任公司霍州发电厂,91141000813099239P
226.0,山西,中电投同煤临汾热电有限责任公司,91140000696564247B
227.0,山西,中煤榆林热电有限公司,91141000778122105C
228.0,山西,山西漳泽煤业股份有限公司马鞍山热电分公司,911410816666236936
229.0,山西,壶关汇森第二发电有限公司,91140133376743450N
230.0,山西,山西光华电力有限责任公司,91140007159345871
231.0,山西,山西宜能源有限责任公司,91140881MA0K4CLU9H
232.0,山西,山西大唐国际运城发电有限责任公司,91140800738565615Y
233.0,山西,山西漳泽煤业股份有限公司河津发电分公司,9114082113872091J
234.0,山西,河北津永鑫电力有限公司,91140882754958949C
235.0,山西,中电投中国煤聊煤热电有限责任公司,911408000707768403
236.0,山西,中煤宁夏电力有限责任公司,9114087285806222F
237.0,山西,运城兴和热电有限责任公司,91140806680297711
238.0,山西,山西兴盛化工(集团)华丰电力有限责任公司,91140827671220460B
239.0,山西,山西中煤华普能源有限责任公司,9114000851240378F
240.0,山西,山西绛县铝化有限公司,91140820738451416
241.0,山西,中铝国际热材料有限公司,91140802375627036W
242.0,山西,运城市百银纸业有限公司,91140821136647070R
243.0,内蒙古,内蒙古电热发电有限公司热电天维热电分公司,91150121MA0MQJQ8N
244.0,内蒙古,北京中电宁电力有限公司呼和浩特铝业有限公司,911501001983110B
245.0,内蒙古,山西泰裕能源有限责任公司,91150102696898942K
246.0,内蒙古,内蒙古大唐国际托克托电有限责任公司,91150311005393262B
247.0,内蒙古,内蒙古大唐西开托克托发电有限责任公司,91150427741079096U
248.0,内蒙古,内蒙古大唐国际呼和浩特热电有限责任公司,9115012206692875
,,,91150122755261871G
249.0,内蒙古,内蒙古丰泰发电有限责任公司,91150100710920928A
250.0,内蒙古,呼和浩特热电总厂有限责任公司,911501001143539C
251.0,内蒙古,和林格尔县盛乐园区昕天华生物质热电有限责任公司,911501007201809866
252.0,内蒙古,北方联合电力有限责任公司包头第一热电厂,91150237228417XKX
253.0,内蒙古,北方联合电力有限责任公司包头第二热电厂,91150204727238997
254.0,内蒙古,包头华美电厂有限责任公司,911502004774939193
255.0,内蒙古,内蒙古华云新材料有限公司,9115022392047296
256.0,内蒙古,包头制药有限责任公司,911502006743883451
257.0,内蒙古,北方联合电力有限责任公司包头第三热电厂,91150207722014463
258.0,内蒙古,华电内蒙古能源有限公司乌达发电公司,9115020769594380M
259.0,内蒙古,齐鲁制药（内蒙古）有限公司,91150191685602453
260.0,内蒙古,东方希望包头稀土铝业有限责任公司,9115029170146937K
261.0,内蒙古,包钢钢联电力产业有限责任公司,911502600758292941
262.0,内蒙古,中国神华蒙能保德煤矸石综合利用电厂,91150216995385281H
263.0,内蒙古,华电内蒙古能源有限公司土默特发电分公司,9115021695949882U
264.0,内蒙古,包头山冶和谐新材料有限公司,9115021775669445Y
265.0,内蒙古,内蒙古丰莹生物科技有限公司,9115010877050049U
266.0,内蒙古,内蒙古东利发电有限责任公司,91152226640599820
267.0,内蒙古,鄂尔多斯国能发电有限责任公司,9115020561226163
268.0,内蒙古,兴安电气有限责任公司,911522007497647K
269.0,内蒙古,内蒙古丰烯农业股份有限公司,91152200053922615N
270.0,内蒙古,华电包头乌达热电有限公司,9115030752555636
271.0,内蒙古,内蒙古君正能源化工集团股份有限公司,9115030743898633X
272.0,内蒙古,内蒙古吉化化工有限责任公司,911503046865301602
273.0,内蒙古,内蒙古恒岚煤矿有限责任公司,911503000676980425
274.0,内蒙古,内蒙古东源科技有限公司,911503046804009426H
275.0,内蒙古,内蒙古常恒实业发展有限责任公司,911503072015828Z
276.0,内蒙古,内蒙古杭锦电力有限公司,9115043205263621XC
277.0,内蒙古,国家能源集团朔州天然气有限责任公司,91150300739601294T
278.0,内蒙古,内蒙古京基煤炭开发有限责任公司,9115040575956649
279.0,内蒙古,北方联合电力有限责任公司海港电厂,911504072234484
280.0,内蒙古,赤峰金泉铜业有限公司,9115040626266405G8J
281.0,内蒙古,内蒙古锡林郭勒白音乌拉铁矿,911504063843421429
282.0,内蒙古,国电赤峰吉林电有限公司,91150406273256321XC
283.0,内蒙古,赤峰市元宝山发电有限责任公司,9115040376162411X
284.0,内蒙古,安琪酵母（赤峰）有限公司,
285.0,内蒙古,国电赤峰源原公司,
286.0,内蒙古,内蒙古中晶生物科技有限公司,9115040357069480
287.0,内蒙古,宁宝山及电有限责任公司,9115040071280332N
288.0,内蒙古,内蒙古兴安银铅冶炼有限公司,911504259717316X
289.0,内蒙古,赤峰制药股份有限公司,911504006090783463
290.0,内蒙古,赤峰热电厂有限责任公司,9115040121719518A
291.0,内蒙古,内蒙古大唐国际克什克腾燃料发电有限责任公司,9115042556419149J
292.0,内蒙古,京能（赤峰）能源发展有限公司,911504027936336080C
293.0,内蒙古,内蒙古大地宏元化工有限公司,9115040309937519X
294.0,内蒙古,内蒙古大板发电有限责任公司,911504237901799805
295.0,内蒙古,内蒙古恒生新农农牧科技股份有限公司,911504001150111054
296.0,内蒙古,赤峰大板热电有限责任公司,91150423764191428B
297.0,内蒙古,内蒙古中能能源有限责任公司,911529006637407967
298.0,内蒙古,内蒙古大西煤集团兴泰煤化有限责任公司,911529217610867346
299.0,内蒙古,内蒙古兰太实业股份有限公司制盐分公司,9115291318402686W
300.0,安徽,中盐三菱株式化集团有限公司纯碱分公司,91152900MA004J4M9W
301.0,内蒙古,内蒙古大西煤集团福源多元合金有限公司,9115292739019784Q
302.0,内蒙古,内蒙古能源发电投资有限公司乌海东热电厂,9115299164054976R
303.0,内蒙古,中盐三峡盐化工有限责任公司,911529916467320563Y
304.0,内蒙古,中盐兰太熙隆化工有限责任公司,911504071020160B
305.0,陕西,西安弘业对外贸易有限责任公司,9151522674474615A
306.0,内蒙古,内蒙古兴安钢铁冶炼有限公司,9115526670683162Y
307.0,内蒙古,自治牛业股份有限公司,9115526783036623R
308.0,内蒙古,内蒙古上都第二发电有限责任公司,91155230576035913F
309.0,内蒙古,内蒙古自治区烟草公司赤峰市公司,9115525047749116B
310.0,内蒙古,内蒙古能源发电投资有限公司锡林浩特电厂,91155250606747282U
311.0,吉林,锡林浩特热电有限责任公司,911552007974961J
312.0,内蒙古,赤兔采低热地方热电有限责任公司,9115525752585865I
313.0,宁夏,塞能北方（锡林浩特）能源开发有限公司,911552695641149N4
314.0,内蒙古,内蒙古京能肥巴尔热电有限公司,91610595882538865
315.0,内蒙古,内蒙古汇能煤化工有限责任公司,91155026776830947
316.0,内蒙古,内蒙古汇能鼻诺新能源有限公司,911506485160223334
317.0,内蒙古,内蒙古北方蒙西发电有限责任公司,911512665718828
318.0,内蒙古,内蒙古鄂尔多斯东阳化工有限公司,91150692430036546G
319.0,内蒙古,内蒙古鄂尔多斯新材料有限公司,91150692189990031
320.0,内蒙古,鄂尔多斯市鄂东新能源有限公司,91150693764149943A
321.0,内蒙古,国电投内蒙古能源有限公司,9111506727974971T
322.0,内蒙古,内蒙古自治区斯律化工股份有限公司,91150676970667736K
323.0,内蒙古,神华准能集团有限责任公司（电厂是子公司神华准能集团有限责任公司）,91150622318546994F
324.0,内蒙古,格尔能酒有限责任公司,911506227552853010
325.0,内蒙古,蒙泰丰泰动力有限责任公司,91150622667336100M
326.0,内蒙古,京泰发电有限责任公司,911506226928597128
327.0,内蒙古,北方胜狮煤电有限责任公司,91150622701419883H
328.0,内蒙古,国电伊犁格尔发电有限责任公司,911506222M0M0LL7P
329.0,内蒙古,霍林郭勒发电有限公司,9115060273006563L
330.0,内蒙古,图电伊电解东胜燃电有限责任公司,91150602957348121W
331.0,内蒙古,鄂尔多斯北狮燃电有限责任公司,91150602915056362
332.0,内蒙古,鄂尔多斯京泰热电有限责任公司,91150602816931343
333.0,内蒙古,神东狭泥煤电有限责任公司,91150625695292289F
334.0,内蒙古,伊犁毕夜化工有限责任公司,911506256569091174
335.0,内蒙古,奇峰化工有限公司,91150625255811746E
336.0,内蒙古,鄂尔多斯伊兴化工有限责任公司,91150622AM00W4XTN0T
337.0,内蒙古,蒙荣纬业华南化工有限责任公司,91150627MAN027RBX3
338.0,内蒙古,神华神东地力煤化公司上海热电厂,91150624552812701U
339.0,内蒙古,鄂尔多斯中胜能源有限责任公司,911506219717826Z6N
340.0,内蒙古,伊犁丰禾利德煤炭有限公司,91150621774965054F
341.0,内蒙古,达拉特旗龙珠环电热有限责任公司,9115062114121054C
342.0,内蒙古,宁东能发电有限责任公司,911506271361367360
343.0,内蒙古,京达发电有限责任公司,91150621576981470
344.0,内蒙古,尼雅次发电有限责任公司,91150627671626246L
345.0,内蒙古,鄂尔多斯市乌兰煤煤燃气热电有限责任公司,911506006090590383Y
346.0,内蒙古,内蒙古双欣环保材料股份有限公司,91150627527696250
347.0,内蒙古,鄂尔多斯市东恒煤电有限责任公司,91150529158844537B
348.0,内蒙古,苏伊伊楚发电有限责任公司,91150900539365585G
349.0,内蒙古,京宁热电有限责任公司,9115090061060535C
350.0,内蒙古,吉亨京达电力有限责任公司,911506925747399625
351.0,内蒙古,乌兰察布开发实业有限公司,911509005888269958
352.0,内蒙古,内蒙古能源发电靖恒电有限公司,91150981MA0M0LN3B
353.0,内蒙古,内蒙古京能发电有限责任公司,91150981MA0PXD491
354.0,内蒙古,内蒙古丰苑煤电有限责任公司,911509028684309646
355.0,内蒙古,宁儿能源科技有限公司,911509215788453XXP
356.0,内蒙古,吉伊乌兰布和光法泥有限公司,911509234913081177
357.0,内蒙古,博天腾业（察尔腾）有限公司,9115092394591504W
358.0,内蒙古,高为集团有限公司,91150832772046533Y
359.0,内蒙古,甘肃电投电力有限责任公司乌拉特发电厂,911508275678664400
360.0,内蒙古,巴彦淖尔紫金鲁金金属公司,
361.0,内蒙古,北方联合电力有限责任公司临河热电厂,91150802769784388M
362.0,内蒙古,内蒙古祥晟水务热电有限责任公司,91150826752551083G
363.0,内蒙古,内蒙古西金矿冶股份有限公司,91150822761084026M
364.0,内蒙古,联邦制药（内蒙古）有限公司,91150800797177557Y
365.0,内蒙古,五原县同昌贸易有限责任公司,91150823184885011W
366.0,内蒙古,通辽发电总厂有限责任公司,9115091115792052G
367.0,内蒙古,通辽第二发电有限责任公司,9115091772201363R
368.0,内蒙古,通辽盛发热电有限责任公司,911505007619673X3
369.0,内蒙古,内蒙古霍煤鸿骏铝电有限责任公司,911505007438743312
370.0,内蒙古,通辽霍林河阳光发电有限责任公司,911505817722024549
371.0,内蒙古,通辽市电厂有限责任公司,911505007918646X1D
372.0,内蒙古,通辽花生物科技有限公司,9115050075270057W
373.0,内蒙古,内蒙古鹏辉新材料有限公司,911508005461513732
374.0,内蒙古,鄂尔多斯市东胜热力有限责任公司,91150745891965073L
375.0,内蒙古,呼伦贝尔安泰热电有限责任公司海拉尔热电厂,911507008159127363
376.0,内蒙古,呼伦贝尔安泰热电有限责任公司承海拉尔发电厂,9115070072521740L
377.0,内蒙古,霍伦花光明热电有限责任公司,91150723752563878K
378.0,内蒙古,根河光明热电有限责任公司,911507859701591373
379.0,内蒙古,满洲里华能伊敏电厂有限公司,91150700680037495
380.0,内蒙古,呼伦贝尔华新化工有限责任公司,9115070072229509X9
381.0,内蒙古,内蒙古白山成酒精制造有限责任公司,911507837794161782
382.0,内蒙古,呼伦贝尔安泰热电有限责任公司东山屯热电厂,9115078311582036X
383.0,内蒙古,内蒙古大学实验纸浆有限责任公司,9115070056675251F
384.0,内蒙古,呼伦贝尔东北亚生物科技有限公司,91150785455548832X
385.0,内蒙古,满洲里联华热电有限责任公司,9115078170910889P
386.0,内蒙古,呼伦贝尔安泰热电有限责任公司满洲里热电厂,9115078177221335G
387.0,内蒙古,满洲里麦森澳热电有限责任公司,911507816768885X
388.0,内蒙古,华能伊敏煤电有限责任公司,9115078169624613
389.0,内蒙古,内蒙古家豪能源有限责任公司,91150700674493966J
390.0,内蒙古,北控城市服务（氢氨能源治污）有限公司,9115072AM0049KL5L0
391.0,内蒙古,呼伦贝尔安泰热电有限责任公司污泥伊敏发电厂,91150738115382036X
392.0,内蒙古,内蒙古万安五九煤炭（集团）有限责任公司,91150728153199004
393.0,内蒙古,呼伦贝尔江北劳动力有限公司,9115072688656832L
394.0,内蒙古,中国烟草制造化工有限责任公司鄂尔多斯制烟制造分公司,9115072758225343X
395.0,内蒙古,内蒙古博安地化学有限公司,9115060092895676B
396.0,内蒙古,亿利洁能股份有限公司热电分公司,9115072591482603D
397.0,内蒙古,内蒙古亿利化学工业有限公司,9115066217490250A
398.0,内蒙古,巴林左旗新能源热力有限责任公司,91150422740144564J
399.0,内蒙古,锡林郭勒苏尼特右旗热业有限公司,91152524701378479H
400.0,内蒙古,新能（锡林郭勒）发电有限公司,911525020M055K7R7
401.0,内蒙古,霍林郭勒金源热电有限公司,91150500761063559C
402.0,内蒙古,通辽金煤化工有限公司,91150916609973369
403.0,内蒙古,内蒙古中煤远兴能源化工有限公司,91150628099586072E
404.0,内蒙古,内蒙古利丰生物化工有限责任公司,91150523752567894A
405.0,内蒙古,奈曼县恒源（集团）热电有限责任公司,9115040377224418B
406.0,内蒙古,通辽多斯市正能发电有限公司,9115062720094UM69
407.0,内蒙古,神华乌达煤化工有限责任公司,911502000738943A4
408.0,内蒙古,内蒙古中煤蒙发新能源化工有限责任公司,91150662779496002T
409.0,内蒙古,内蒙古大唐蒙亮多伦煤化工有限责任公司,911525317678994880
410.0,内蒙古,中天合创能源有限责任公司,9115060066731663C
411.0,辽宁,东电热电有限公司,912101064106189621
412.0,辽宁,国电东北电力有限公司沈西热电厂,9121010646795293134
413.0,辽宁,沈阳经济技术开发区热电有限公司,912101061177560718
414.0,辽宁,沈阳经济热电有限公司,9121010640606521K
415.0,辽宁,沈阳星热热电有限公司,9121010243380714N
416.0,辽宁,沈阳优能股份有限公司金业热电分公司,91210111720996870Q
417.0,辽宁,国能朝阳齐自热电有限公司,912103747809655P
418.0,辽宁,沈阳热配利来有限责任公司,91210106242652967D
419.0,辽宁,沈阳璇艺电气有限公司,91210113181120919
420.0,辽宁,本达成（本溪）有限公司,9121015186467933XX
421.0,辽宁,八通电热冶金有限公司沈西热电有限责任公司,91210116117981631E
422.0,辽宁,象门矿业有限责任公司奈曼孔子宫山分公司,912103816036523071
423.0,辽宁,东方发电有限公司,9121037800638608241
424.0,辽宁,国电电力盘锦东业有限责任公司热力分公司,9121010472716972X
425.0,辽宁,中国石油天然气股份有限公司大连热电分公司,912104006832916Y
426.0,辽宁,本钢板材股份有限公司难得核心业务公司热多达江分公司,91210400467998460P
427.0,辽宁,抚顺曹氏电力发展有限公司,912104000588913M
428.0,辽宁,中信钦线甘蓝发展股份有限公司,912105227599125204A
429.0,辽宁,盘锦信吉股份有限公司,912104005867228909K
430.0,辽宁,盘锦展心电子技术有限公司,91210681603892877X
431.0,辽宁,昆仑明信强势有限公司,912101186293828985
432.0,辽宁,辽宁大连耐火衍热业有限公司,91210106644639289L
433.0,辽宁,辽宁普和优势有限公司,912107018660082417J
434.0,辽宁,,91210709478903946P
435.0,辽宁,,91210705994479051N
436.0,辽宁,,912107042875669D
437.0,辽宁,锦州节能热电股份有限公司,91210700210554497Y
438.0,辽宁,华能国际电力股份有限公司电厂,9121080064051941K
439.0,辽宁,华能营口热电有限责任公司,91210800A0QEG9M7I
440.0,辽宁,葫芦岛滨海热电有限责任公司,91210800771148472J
441.0,辽宁,营口长热动力有限公司,9121081076293487H
442.0,辽宁,阜新煤朋热电有限责任公司,912109214708761411
443.0,辽宁,阜新惠泽煤矸石热电有限公司,91210900121524636A
444.0,辽宁,辽宁彰武电厂有限责任公司,9121092275107673T
445.0,辽宁,阜新发电有限责任公司,91210900121562106B
446.0,辽宁,阜新金山煤矸石热电有限责任公司,912109057618209005
447.0,辽宁,中国石油天然气股份有限公司辽阳石化分公司,9121000071696207Q
448.0,辽宁,辽阳国成热电有限公司,912110005948275221
449.0,辽宁,灯塔市红阳热电有限公司,9121022747149241M
450.0,辽宁,辽宁沈煤红阳热电有限公司,91211022680985819
451.0,辽宁,辽宁华电铁岭发电有限公司,912112007146295315
452.0,辽宁,辽宁清河电厂有限责任公司,91211200J22852690W
453.0,辽宁,辽宁清原县煤气开发使用责任有限公司,91212817915934389
454.0,辽宁,开原达发热电有限责任公司,9121128276106957L
455.0,辽宁,铁法能源（集团）有限责任公司热电厂,912128123853580X
456.0,辽宁,辽宁宝海景地热乐涛清科技有限公司,9121102078510643U
457.0,辽宁,华润电力（盘锦）有限公司,91211100546264710
458.0,辽宁,长春化工（盘锦）有限公司,91211100567572640Y
459.0,辽宁,盘锦辽河高腾热电有限公司,91211100710938546K
460.0,辽宁,北票发电有限责任公司,9121138177765678B
461.0,辽宁,朝阳燕山湖发电有限公司,9121133006749438J
462.0,辽宁,中国石油天然气股份有限公司锦西石化分公司,9121100471627237D
463.0,辽宁,航锦科技股份有限公司,912114003728536M
464.0,辽宁,凌钢华电有限公司,9121140012077168R
465.0,辽宁,大连远东热电股份有限公司,9121020042189962J
466.0,辽宁,大连发电有限责任公司,912102007824511639
467.0,辽宁,大连热电有限公司,9121020041299170U
468.0,辽宁,大连热电股份有限公司（北海热电厂）,91210200422J29717U
469.0,辽宁,大连热电股份有限公司（东海热电厂）,912102024129917K
470.0,辽宁,大连热电股份有限公司蒂森热电厂,91210207761576375N
471.0,辽宁,大连热电有限责任公司,9121020007155474B
472.0,辽宁,大连热电有限责任公司大连开发区热电厂,912102007515375Y
473.0,辽宁,北京安电电力有限责任公司大连开发区热电厂,91210238751851246N
474.0,辽宁,,91210213234651783
475.0,辽宁,恒力石化（大连）有限公司,91210244550622058M
476.0,辽宁,恒力石化（大连）炼化有限公司,91210244089087324F
477.0,辽宁,华能国际电力股份有限公司大连电厂,91210200648541979
478.0,辽宁,中国粮食物流集团北良有限公司大连热力分公司,912102423114973687
479.0,吉林,吉林华电梅热电有限公司长春热电厂,912201226687611466
480.0,吉林,华能吉林发电有限公司九台电厂,912203116687057133
481.0,吉林,大唐长春第一热电有限责任公司,9122011124019221E
482.0,吉林,吉林电力股份有限公司长春热电分公司,912201123405990509
483.0,吉林,国电吉林龙华长春热电一厂,9122011715366364J
484.0,吉林,大唐长春第二热电厂,9122011675086565E
485.0,吉林,吉林省华宇热电有限公司长春高新热电分公司,91220101MA0Y3L41L0P
486.0,吉林,吉林鑫祥种畜有限责任公司,912201171536975XB
487.0,吉林,长春大成生物科技开发有限公司,91220119714322770
488.0,吉林,长春大合生物技术开发有限公司,9122010177483520w
489.0,吉林,中国第一汽车股份有限公司动力分公司,91220101578591927A
490.0,吉林,中粮生化能源（榆树）有限公司,91220008766815713J
491.0,吉林,国电吉林龙华伊通热电厂,912202182483303A4
492.0,吉林,国电吉林龙华白城热电厂,9122021824519999P
493.0,吉林,吉林电力股份有限公司松花江第一热电分公司,9122024969610485F
494.0,吉林,吉林华电江北热电有限责任公司,9122021735241953Q
495.0,吉林,吉林市源泓热电有限责任公司,9122021724876630R
496.0,吉林,国电吉林江南热电有限公司,91220201677234936
497.0,吉林,吉林市双嘉环保能源利用有限公司,91220219752164028S
498.0,吉林,桦甸丰泰热电有限责任公司,91220228316794089E
499.0,吉林,吉林省鹰鹿生物工程有限公司,912202017778235X0
500.0,吉林,中国石油天然气股份有限公司吉林石化分公司（动力一厂）,912202171714219W
501.0,吉林,中国石油天然气股份有限公司吉林石化分公司（动力二厂）,912202171714219W
502.0,吉林,吉林奇峰化纤股份有限公司,9122021440761616L
503.0,吉林,国电双辽发电有限公司,91220328251157299M
504.0,吉林,国电东北电力有限公司双辽发电厂,91220328251157299M
505.0,吉林,吉林电力股份有限公司四平第一热电有限公司,91220346911002861B
506.0,吉林,吉林电力股份有限公司四平热电公司,912203415092830J9
507.0,吉林,天成玉米开发有限公司,9122030774201447C
508.0,吉林,四平中科能源环保有限公司,9122030673301852M
509.0,吉林,吉林省新天龙实业股份有限公司,912202OU8564150F
510.0,吉林,大唐辽源发电,91220402673354872
511.0,吉林,通化热电有限责任公司,9122050117426090XM
512.0,吉林,吉林电力股份有限公司通江发电公司,91220501125368956C
513.0,吉林,白山热电有限责任公司,9122060117420316XX
514.0,吉林,白山珲琦纸业有限公司,91220601795209800B
515.0,吉林,大唐长山热电厂,9122072124431683Y
516.0,吉林,嘉吉生化有限公司,9122070065132575U
517.0,吉林,国电吉林龙华白城热电厂,91220802744565127W
518.0,吉林,洮南市热电有限责任公司,912208817911220547
519.0,吉林,吉林电力股份有限公司白城发电公司,912208006642880511
520.0,吉林,国电龙华延吉热电有限公司,912221016773343793
521.0,吉林,延边卜奎双辽实业有限责任公司,912224023400103979R
522.0,吉林,长白山森工集团敦化业有林有限公司热电厂,912224037911200753
523.0,吉林,大唐辉春发电厂,9122241064627977X
524.0,吉林,国电龙华御龙热力有限责任公司,9122240675931463X
525.0,吉林,中粮生化能源（公主岭）有限公司,91220000786851796J
526.0,吉林,敦化电厂工业有限公司,9122060015123395
527.0,吉林,梅河口市康康热电有限责任公司,9122051147855884U
528.0,吉林,梅河口市海山能源有限责任公司,9122058170243017Q
529.0,吉林,吉林能通电力有限公司,912207021MA1B5GLH9W
530.0,黑龙江,吉林节能洁能源有限公司,912300011280252586
531.0,黑龙江,华电能源股份有限公司鸡西发电厂,9123010300879731E
532.0,黑龙江,恒利哈爾滨发电厂,91230106876987758
533.0,黑龙江,哈尔滨市华电中供热有限公司,91230100723674843U
534.0,黑龙江,哈尔滨中热热电有限公司,9123010374186177Q
535.0,黑龙江,黑龙江仕甫梁电热气公司冷东第二发电厂,9123010206912838T
536.0,黑龙江,黑龙江罗安热电有限公司,9123010067169128L
537.0,黑龙江,火山黑龙江龙化工程公司鸣东气电厂,9123010267697423A
538.0,黑龙江,大庆庆九热力有限公司,91230125978298653N
539.0,黑龙江,哈尔滨氨见热力冶化公司,9123008282027717J
540.0,黑龙江,黑龙江清箐生化裂式化工工程公司,9123012036805293A
541.0,黑龙江,哈药集团制药四厂,912301203685246F
542.0,黑龙江,黑龙江电通公司正德热电有限公司,9123012036308404M
543.0,黑龙江,中电联合供热有限责任公司,91230107631654010
544.0,黑龙江,哈尔滨双环科技资源利用有限公司,912301119745298386
545.0,黑龙江,上海高熔股份有限公司黑龙公司热电有限公司,912300128552349A
546.0,黑龙江,错误,912301257508698X
547.0,黑龙江,黑龙江正通包超热公司扬益热力有限公司,9123012006750091
548.0,,哈尔滨东高纱股份有限公司疏拓基热电厂,912300268074778C
,,华电能源股份有限公司七南热力发电厂,912300258712011166
,,,9123020056166227K
549.0,黑龙江,黑龙江华电齐齐哈尔热电有限公司,91230007553431166
550.0,黑龙江,华电能源股份有限公司牡丹江第二发电厂,9123001301261822C
551.0,黑龙江,牡丹江热电有限公司,9123000746996078Y
552.0,黑龙江,牡丹江恒丰热电有限公司,9123000725336206L
553.0,黑龙江,宁安渤洲热电有限公司,9123012474184809A
554.0,黑龙江,穆棱市亿阳热电经营有限公司,9123010856602878E
555.0,黑龙江,牡丹江恒丰企业集团有限责任公司,91230011030302568W
556.0,黑龙江,佳木斯中燃热电有限公司,91230800574315064
557.0,黑龙江,华电能源股份有限公司绥芬河热电,9123000677461415U
558.0,黑龙江,佳木斯新能热电有限公司,91230800752395156U
559.0,黑龙江,桦南联胜热电有限公司,91230822795048875G
560.0,黑龙江,富锦东方热电有限责任公司,9123082781926112L
561.0,黑龙江,富锦舵鑫金圣化科科技有限公司,912308822352849058
562.0,黑龙江,同江市长恒热电有限公司,912308816774678334
563.0,黑龙江,抚远新野世热电有限责任公司,912308337026732508
564.0,黑龙江,华能呼伦华电有限责任公司,91230607129317965K
565.0,黑龙江,华能大庆热电有限公司,91230605927162634
566.0,黑龙江,中国石油集团哈尔滨石化公司,91230600MA1T1T11P
567.0,黑龙江,大庆市益森石化有限公司,9123060777858479R
568.0,黑龙江,大唐鸡西热电有限责任公司,912303007287268X6
569.0,黑龙江,大唐鸡西第二热电有限责任公司,91230306888651329
570.0,黑龙江,鸡东县朝阳热电有限公司,912303286813143243
571.0,黑龙江,黑龙江剑桥热电有限公司,912303127021258Q
572.0,黑龙江,鸡东鑫盛煤化焦化有限公司,91230321588130091B
573.0,黑龙江,鸡西市恒联发电有限责任公司,9123030333833902G
574.0,黑龙江,鸡西北兴（集团）有限责任公司矿石热电厂,912303073690458XA
575.0,黑龙江,沈阳燃煤浆高檑煤矿业有限责任公司颚矿石电厂,9123030763063851C
576.0,黑龙江,国电鸡西热电有限公司,9123030772341807
577.0,黑龙江,大唐鸡西热电有限责任公司,912305073365472XM
578.0,黑龙江,黑龙江龙煤鸡西矿业集团有限责任公司虹焰热电公司,912305077620026760
579.0,黑龙江,黑龙江群星热电有限公司,91230512MA1NFPNS96
580.0,黑龙江,黑龙江齐马里热力有限公司,91230523MA1UWPE27
581.0,黑龙江,鹤岗星光热电有限责任公司,912305247674935X
582.0,黑龙江,华能伊春热电有限公司,91230507621586129Y
583.0,黑龙江,伊春市新青热电厂,9123077094509800X
584.0,黑龙江,鹤峰热业采暖热电厂,91230713688831542
585.0,黑龙江,油田热电有限责任公司,9123072095329409
586.0,黑龙江,鹤岗迎春热电有限公司,91230781692603952J
587.0,黑龙江,伊春市南岔热电厂,912307037905126916
588.0,黑龙江,黑龙江省七台河矿业有限责任公司热电厂,91230900769249249M
589.0,黑龙江,七台河市勃利亿达选煤有限责任公司,912309217396731158
590.0,黑龙江,宝泰蒙新材料股份有限公司,9123090749673100C
591.0,黑龙江,七台河市吉隆煤有限责任公司,91230906726749202P
592.0,黑龙江,大唐七台河发电有限责任公司,9123090130053522E
593.0,黑龙江,七台河市鹏煤煤炭发展有限责任公司,91230907418740303
594.0,黑龙江,七台河市德利动力有限责任公司,912309074695015XB
595.0,黑龙江,密山星盛煤电有限责任公司,912304122191095701
596.0,黑龙江,鹤岗市万隆热力供应有限责任公司,912304008324041080
597.0,黑龙江,北兴天汇热电有限公司,912304127672711390
598.0,黑龙江,华能鹤岗发电有限公司,912304007207122770
599.0,黑龙江,鹤岗市热力公司,12320400441141551
600.0,黑龙江,黑龙江龙煤鹤岗矿业有限责任公司,912304007778081154
601.0,黑龙江,孙吴县海燕热电有限责任公司,91231124679254951
602.0,黑龙江,田电安热热电有限公司,91231118671373373
603.0,黑龙江,北安验舍农业科技有限公司,912311813522188988
604.0,黑龙江,黑河市热电有限责任公司,91231100316374232
605.0,黑龙江,嫩江县新星热电有限责任公司,912331276607513N
606.0,黑龙江,黑龙江晟环热电有限公司,912321246775455435
607.0,黑龙江,黑龙江昊天玉米开发有限公司,91231200769249702T
608.0,黑龙江,安达恒洋热电有限公司,912328159820204N
609.0,黑龙江,绥化甲建热电有限责任公司,9123210075531051B
610.0,黑龙江,中粮生化能源（肇东）有限公司,912312006108585X
611.0,黑龙江,黑龙江成粮食品集团有限公司,9123010752365477T
612.0,黑龙江,黑龙江昊天玉米开发有限公司,912312270822375L
613.0,黑龙江,大庆绿化热电有限公司,91231200325838290K
614.0,黑龙江,绥化市地势坤生物热电有限公司,9132312813M1QAQWXK
615.0,黑龙江,南岗安热热电有限公司,91231322376921774Q
616.0,黑龙江,黑龙江省盖州热电集团有限责任公司,9123271813149183W
617.0,黑龙江,大兴安岭能源开发有限责任公司,91232700352231934L
618.0,黑龙江,大兴安岭地区电力工业局加格达奇热电厂,91232700352231934L
619.0,黑龙江,嫩江县城热电有限公司,912327221BA1BQP1X7
620.0,黑龙江,黑龙江省新兴热电有限公司,912312024M1BQG117R
621.0,黑龙江,黑龙江绥岭能源有限公司,912312024M1BQ9KM1Y
622.0,黑龙江,黑龙江伊春鹿鸣矿业有限公司,912308005LAKURU5K
623.0,黑龙江,哈尔滨城东电气有限责任公司,9123131279359210XX
624.0,黑龙江,吉林电站热力有限公司,9123182692621828D
625.0,上海,上海外高桥发电有限责任公司,9131011523323621M
626.0,上海,上海申能崇明热电有限公司,913101155543071XW
627.0,上海,上海电力股份有限公司吴泾热电厂,91310000752913929P
628.0,上海,上海长兴岛发电有限责任公司,913102306312569857
629.0,上海,上海吴泾第二发电有限责任公司,91310115631639185E
630.0,上海,上海外高桥第二发电有限责任公司,91310115632080651P
631.0,上海,华能国际电力股份有限公司上海石洞口第一电厂,9131000060722180A
632.0,上海,上海上电漕泾发电有限公司,9131011660798822N
633.0,上海,华能上海石洞口发电有限责任公司,913101136778617501
634.0,上海,上海闵行燃气热电有限责任公司,913100007178507312
635.0,上海,上海漕泾发电有限责任公司,913100073621974X7
636.0,上海,上海外高桥燃机电厂,91310000766472167D
637.0,上海,华能上海燃机发电有限责任公司,913101137709624214
638.0,上海,上海外高桥第二发电有限责任公司,91310115718269277
639.0,上海,华能国际电力股份有限公司上海石洞口第二电厂,9131000070283576F
640.0,上海,上海电力股份有限公司罗泾燃机发电厂,9131000084058194J
641.0,上海,上海华电闵行能源有限公司,91310112586762079X
642.0,上海,上海外高桥发电有限责任公司,91310120055492849H
643.0,上海,上海漕泾热电有限责任公司,913100007462554R
644.0,上海,上海燃气集团股份有限公司,9131000083221291W
645.0,上海,中国石化上海高桥石油化工有限公司,9131000MA1K38CF47
646.0,上海,上海申能崇明发电有限公司,9132030802680986Q
647.0,上海,上海能泰发电有限公司,91310120351118668P
648.0,江苏,中国石化集团资产经营管理有限公司扬子石化分公司,91320100660691249D
649.0,江苏,华能国际电力股份有限公司南京电厂,91320100716265093
650.0,江苏,南京化学工业燃煤电有限公司,91310100748249659F
651.0,江苏,江苏常熟发电有限公司,913200007638537939
652.0,江苏,华能南京电厂,91320109580846158D
653.0,江苏,大唐南京发电厂,9132000837454642U
654.0,江苏,华能南京燃机发电有限公司,91320130841757044
655.0,江苏,华能南京燃煤发电有限公司,91320114723559195
656.0,江苏,南京华润热电有限责任公司,9132011754351255X
657.0,江苏,大唐南京热电有限责任公司,9131020001125711
658.0,江苏,扬子石化一期煤气限电等用电厂,91320000413751600C
659.0,江苏,中石化集团南京化学工业有限公司,91320100731277177
660.0,江苏,中国石油化工股份有限公司金陵分公司,913202089794317P
661.0,江苏,江苏国信扬电燃热有限公司,9132028505295774M
662.0,江苏,江苏国信协联燃气热电有限公司,
663.0,江苏,江苏华亚化纤有限公司,91320282754621292N
664.0,江苏,江苏利港电力有限公司,91320206067921551C
665.0,江苏,江苏天鸿化工有限公司,913202067494325427
666.0,江苏,江苏丹宏热电有限公司,91320282M1JXD0R5A
667.0,江苏,江苏耀晋石庄热电有限公司,91320281753945287L
668.0,江苏,江苏耀晋纺织有限公司,91320281736541459A
669.0,江苏,江苏雅美热电有限公司,913202817357128691
670.0,江苏,江苏利港发电股份有限公司,913202007673973227
671.0,江苏,江苏热电有限公司,913202811422166403
672.0,江苏,江苏明华西热电有限公司,913202817724808849
673.0,江苏,江苏康顺热电有限公司,913202817768871014Y
674.0,江苏,江苏开拓热能有限公司,913202811422850729
675.0,江苏,江苏龙达热电有限公司,913202816079840698
676.0,江苏,江苏源鑫热电有限公司,9132028174910933M
677.0,江苏,江苏阳光翔热电有限公司,913202817564125744
678.0,江苏,江苏阳光热电有限公司,9132028154061717P
679.0,江苏,南钢工程控股有限公司,91320205773272272D
680.0,江苏,无锡惠联环保热电有限公司,91320207676886861Y
681.0,江苏,无锡惠联环保热电有限公司,913202057589865X1
682.0,江苏,无锡反胶热电股份有限公司,91320206596865233J
683.0,无锡,宜兴天家热电有限公司,9132020001718697827
684.0,无锡,无锡蓝天燃热电有限公司,9132022780822714R
685.0,无锡,无锡能达热电有限公司,913202130881985837
686.0,无锡,无锡惠联环保科技有限公司,91320205720634095J
687.0,无锡,江苏兴澄海钢铁有限公司,91320206628238743Q
688.0,无锡,徐州市区热电有限责任公司,9132021607982402P
689.0,无锡,江苏闵业电力有限公司,913203001364361961L
690.0,无锡,徐州恒辉电力有限公司,91320305774662489M
691.0,无锡,铜山昆新汇生有限公司,9132030688003410J
692.0,无锡,徐州华鑫电力有限公司,913203127385214468
693.0,江苏,铜山华润电力有限公司,913203127909590X
694.0,江苏,国华徐州电有限公司,9132030834754343D
695.0,江苏,丰县盛隆协泰环保热电有限公司,91320306589354763J
696.0,江苏,徐州天成玻璃有限公司,9132032765397976U
697.0,江苏,上海艾虹能源股份有限公司发电厂,91320300775345173Q
698.0,江苏,江苏融业新电有限公司,9132030714846623T
699.0,上海,江苏徐州胶皮有限责任公司,913203821370316925
700.0,江苏,,
701.0,江苏,徐州华宏热电有限公司,91320382765142790Q
702.0,江苏,江苏常协余热利用有限公司,9132030563629797C
703.0,江苏,江苏中能工业科技发展有限公司,913203017849976109
704.0,江苏,徐州华裕燃气仪表有限公司,9132032257568160Q
705.0,江苏,江苏华美热电有限公司,9132030323629797X
706.0,江苏,徐州龙城地方有限责任公司,9132030163909171D
707.0,江苏,江苏常聚煤化工股份有限公司,91320302779665319
708.0,江苏,常州市广燃热电有限公司,9132041237367399P
709.0,江苏,国电常州发电有限公司,91320407520003022
710.0,江苏,常州市新塘热电有限公司,9132041172414540E
711.0,江苏,常州市长江热能有限公司,913204117280113E
712.0,江苏,常州新北区广达热电有限公司,91320411728017438L
713.0,江苏,江苏华电曜羲聚和发电有限公司,91320400714099479F
714.0,江苏,常州亚杰热电有限公司,91320412779662015K
715.0,江苏,常州市湖塘热电有限公司,91320412250924476G
716.0,江苏,常州市电燃聚幕热电有限公司,91320400692591779C
717.0,江苏,江苏加热电有限公司,913204136081296836
718.0,江苏,江苏鑫江环保热电有限公司,913204813020277007
719.0,江苏,江苏热电热有限公司,9132048579546773D
720.0,江苏,华能热电有限公司锦乐有热有限责任公司,913206505138022199E
721.0,江苏,苏州市江远热电有限责任公司,913205062516683888F
722.0,江苏,华电集团有限公司江苏望亭发电分公司,913205076979397947P
723.0,江苏,苏州昆山市张家港市政府国投控股有限公司,91320507750508102B
724.0,江苏,江苏南通天宇聚气仪表有限公司,913205077578797190
725.0,江苏,上海华电电力发展有限公司望亭发电分公司,9132050873747510675
726.0,江苏,盛虹集团有限公司热电分公司,91320503391095710W
727.0,江苏,吴江三联印有限公司,913205097037020211W
728.0,江苏,江苏苏万盛股份有限公司盛泽热电厂,913205099541209112
729.0,江苏,苏州苏盛热电有限公司,91320509752031790II
730.0,江苏,苏州苏盛热电有限公司,913205097527473712P
731.0,江苏,苏州华安股份有限公司,91320509138285299N
732.0,江苏,吴江龙之泉有限公司,91320509752017590S
733.0,江苏,大唐苏州热电有限责任公司,91320509576663780
734.0,江苏,吴江环隆长仁有限公司,91320509576663780R
735.0,江苏,苏州市药王热电有限公司,91320509752028001Q
736.0,江苏,苏州市吴热电有限公司,913205095843787796C
737.0,江苏,苏州苏吴热电有限公司,913205945786318887M
738.0,江苏,苏关于川（中国）有限公司,91320586108624869M
,,江苏理文造纸有限公司,91320581737842357X
739.0,江苏,常熟市制热总公司有限责任公司,913205812514283780
740.0,江苏,华润电力（常熟）有限公司,9132000070936305U
741.0,江苏,江苏常熟发电有限责任公司,913205811377445967
742.0,江苏,常熟市正热能有限公司,913205815866783871
743.0,江苏,常熟市星辰热电有限责任公司,913205817395943883
744.0,江苏,常熟金陵船舶电机有限公司,9132058175968740X6
745.0,江苏,长春化工（江苏）有限公司,9132058173940381XR
746.0,江苏,常熟然源热电有限公司,913205817468173405
747.0,江苏,江苏福瑞实业有限公司,91320581739413727Q
748.0,江苏,江苏森格林股份有限公司,91320500566862646E
749.0,江苏,江苏澳洋日化有限公司,913205007589832747Y
750.0,江苏,张家港保税区长源热电有限公司,913205921421974949
751.0,江苏,江苏双马集团有限责任公司,91320582251500050U
752.0,江苏,张家港半龙电力有限公司,9132058274717333XM
753.0,江苏,张家港沙洲电力有限公司,9132058274731880X6
754.0,江苏,张家港市华新热电有限公司,913205827589884883Y
755.0,江苏,张家港市兴兴热电有限责任公司,91320582758469098J
756.0,江苏,南通三有材料（昆山）有限公司,91320583722261579B
757.0,江苏,江苏南亚瀛洲热电有限责任公司,91320583740677332B
758.0,江苏,玖龙纸业（大丰）有限公司,9132058374296077D
759.0,江苏,华能（苏州工业园区）发电有限责任公司,913205914348497635
760.0,江苏,太仓宏达热电有限公司,9132058730174763X
761.0,江苏,国华太仓发电有限责任公司,9132058770511787XH
762.0,江苏,太仓港协鑫发电有限公司,913205873872766XP
763.0,江苏,华能太仓发电有限责任公司,913205856782094557
764.0,江苏,苏州工业园区蓝天燃气热电有限责任公司,91320547558549871
765.0,江苏,张家港市印染厂,91320582142120956F
766.0,江苏,昆山能源蓝天分布式能源热电有限公司,913205833432683S6F
767.0,江苏,昆山新昆生物能源热电有限公司,913205836808328314G
768.0,江苏,南亚电工工程（昆山）有限公司,91320583741422292L
769.0,江苏,江苏华电昆山热电有限公司,91320583414563266M
770.0,江苏,金华燃料（苏州工业园区）有限责任公司,9132059460824308Y
771.0,江苏,南通燃气城市环保热电有限公司,91320600753927601R
772.0,江苏,南通能源集团有限公司,913206003960098326
773.0,江苏,南亚塑胶工业（南通）有限公司,9132060060631686F7
774.0,江苏,江苏润通发电有限公司,9132060057158904XQ
775.0,江苏,南通天然港热电有限公司,913206008376608T8
776.0,江苏,华能国际电力股份有限公司南通电厂,91320600683165729
777.0,江苏,华电通州热电有限公司,91320612060209025F
778.0,江苏,海安年鸡热电有限公司,91320621765387527U
779.0,江苏,溧水环保新能源有限公司,91320621772843167Q
780.0,山东,如东鑫慧环保热电有限公司,9132062375589543A
781.0,山东,如东亚平方环保热电有限公司,91320623793531815X
782.0,江苏,王子制纸有限公司,913206915739292283
783.0,江苏,南通江山农业化工股份有限公司,91320600138299113X
784.0,江苏,南通实业热电有限公司,91320691608391291H
785.0,江苏,固信日东热电有限公司,9132068196719161X
786.0,江苏,大唐国际吕四港发电有限责任公司,91320681753238507X
787.0,江苏,大唐国际热电有限责任公司如皋热电公司,913206822MLEUM5M5
788.0,江苏,海门鑫源环保热电有限公司,91320684744828716E
789.0,江苏,南通泰泰热电有限公司,913206845757094561
790.0,江苏,南通泰安能源有限公司,913206201491950G
791.0,江苏,连云港业利有限公司,91320700MA1MFBW470
792.0,江苏,连云港印染热电有限公司,91320700572604653J
793.0,江苏,江苏新海发电有限公司,91320700389666764
794.0,江苏,连云港德运泥炭发电有限公司,913207009733347798F
795.0,江苏,国信连云港发电有限公司,91320700MA1MCMGR91
796.0,江苏,罗普特（中国）涟水有限公司,9132020031174602R
797.0,江苏,国信淮安燃气发电有限公司,91320803564259667D
798.0,江苏,淮海热电有限责任公司,91320807720586548C
799.0,上海,上海天平洋化工（集团）淮安元明粉有限公司,9132080140093819C
800.0,江苏,华能灌南第一发电有限责任公司,9132080063577692Y
801.0,江苏,安运安安安（江苏）有限公司化学公司,91320803091343337X
802.0,江苏,淮河发电有限责任公司,91320800738150703
803.0,江苏,洪泽洋化合化有限责任公司,9132082193106303C
804.0,江苏,中煤洋泗珍与化有限公司,91320829525732020W
805.0,江苏,东台淮海业有限公司,91320800788866546C
806.0,江苏,中电（洪泽）热电有限公司,9132080068577118W
807.0,江苏,实联化工（江苏）有限公司,913208030217606H
808.0,江苏,国信淮安第一燃煤发电有限责任公司,9132080520274587G
809.0,江苏,淮安经济开发区热电有限责任公司,913208091571408613
810.0,江苏,江苏梦特化工科技股份有限公司,91320802092174143
811.0,江苏,灌南元明粉有限公司,913208046672309130
812.0,江苏,淮安阿胶有限公司,9132080695563465X
813.0,江苏,北化化工有限公司,913208047868989019
814.0,江苏,中海华邦化工有限公司,9132080743714242X
815.0,江苏,盐城发电有限责任公司,91320900729019865M
816.0,江苏,大丰顺达热电有限公司,91320982753239120Q
817.0,江苏,盐城市滨海海热电有限公司,91320982756446559N
818.0,江苏,江苏丰源热电有限公司,91320982562933929X
819.0,江苏,响水联谊热电有限公司,913209215629596869
820.0,江苏,江苏银邦彩港爽港电有限责任公司,91320921668987976J
821.0,江苏,江苏银邦彩港聚杭州电该公司,91320921757968929H
822.0,国家电投集团江苏海上发电有限公司,江苏盐源泽滩热电有限公司,91320922638625444L
823.0,江苏,安徽宁致瀚科技有限责任公司,91320922760511655Q
824.0,安徽宁致瀚科技有限责任公司,江苏靖江胜安电力有限责任公司,91320923791781516
825.0,江苏,江苏印刷锡印刷电器有限公司,91320900144108699L
826.0,江苏,江苏功力热电有限公司,9132092469148095X1
827.0,江苏,江苏德新新能源有限公司,91320924571777363U
828.0,江苏,东台中新环保热电有限公司,91320924753390375E
829.0,江苏,盐城旭阳有限责任公司,91320981725226218G
830.0,江苏,江苏润恒扬州发电有限责任公司,91320991140226888A
831.0,江苏,扬州电气设备发电有限公司,91320900168292061L
832.0,扬州市徳海新能源有限公司,南京国标化工化纤有限责任公司,91320914744802225N
833.0,江苏,江苏清华化工有限责任公司,91320913321527867N
834.0,江苏,江苏炬能扬州发电有限公司,9132101765860224H
835.0,江苏,扬州市一发有限公司,91321000714106931X
836.0,扬州市泉山流程董事局,江苏广济皮革有限公司,913209119408615744
837.0,永丰环保化（扬州）有限公司,江苏粤银化纤热电有限责任公司,9132000076586058XC
838.0,江苏,江苏国信南热热电有限责任公司,913210815466290561
839.0,江苏,镇江广热电有限公司,91321081578993384A
840.0,江苏,江苏卡纸机制造有限公司,91320814333130176R
841.0,镇江永清热电有限公司,丹阳兴联热电有限公司,9132119741323976A
842.0,江苏,江苏线发电有限公司,91328131193269276C
843.0,江苏,华电江苏能源有限公司子公司分公司,913211608874611F
844.0,江苏,镇江梁热电有限责任公司,9132118346233918X
845.0,江苏,江苏,913100198008729WS
846.0,镇江东方纸业有限公司,镇江方工业有限公司,91321120688260120C
847.0,中国电联集团公司电和发力电集团,镇江东方纸业有限公司,913100068838558J
848.0,江苏,江苏水电工业化发展有限公司,913211203063832649P
849.0,金东纸业（江苏）股份有限公司,江苏电信卓越热电珰电力团责任公司,91320000426606212M
850.0,江苏,江苏泉客热工股份有限公司,913211074137425341
851.0,江苏,江苏汾水化工有限公司,91321100608836068B
852.0,,,9132110073456587H
,,,913211000312479073U
853.0,江苏,国能南京六合热电有限公司,913210027596619XM
854.0,江苏,江苏前进镇汉川电厂有限公司,913212875204185XB
855.0,江苏,南京新华电力有限公司,913212287483708Q4
856.0,江苏,泰州金泰环保热电有限公司,913212917439143057
857.0,江苏,泰州梅兰热电有限公司,913210020763581791
858.0,江苏,兴化市热电有限公司,913212811426537A3
859.0,江苏,大唐泰州热电有限责任公司,9132104063278931X
860.0,江苏,江苏奥联热化工程有限公司,91320006720112473
861.0,江苏,新浦义学（泰兴）有限公司,913212836087847472
862.0,江苏,江苏新动力（沭阳）热电有限公司,91321222578143198F
863.0,江苏,国家能源集团浙江定电有限公司,9132123007527282801
864.0,浙江,杭州华半导体创业有限公司,91330101430495149
865.0,浙江,浙江新能电力股份有限公司萧山发电厂,91330107935286433H
866.0,浙江,三元控股集团杭热电有限公司,9133010956056900W
867.0,浙江,杭州靖牌热电有限公司,913301093218751665
868.0,浙江,杭州靖牌热电有限公司,91330197544239744
869.0,浙江,杭州绿城经济开发区热力供电有限公司,91330107921202208X
870.0,浙江,杭州开山热电有限公司,9133010969138368T
871.0,浙江,杭州靖民火热电有限公司,91330103209875729A
872.0,浙江,杭州开热电有限公司,91330109715533457
873.0,浙江,浙江普星级天然气发电有限公司,91330007682250474
874.0,浙江,浙江省制气干三生物科技有限公司,913301221436436442
875.0,浙江,桐庐信耀达热电有限公司,91330122750726676N
876.0,浙江,浙江新安化工集团股份有限公司,913300001429192743
877.0,浙江,浙江建德业热电有限公司,9133018269708275E
878.0,浙江,浙江洋丰生物科技集团股份有限公司,91330000143965405Y
879.0,浙江,浙江合肥江环保热电股份有限公司,913300007572103686
880.0,浙江,杭州临安华泰生物质能有限公司,9133018586990571L
881.0,浙江,中策控股集团有限公司,9133010609612074XW
882.0,浙江,杭州华电干沙热电有限公司,91330101599555247P
883.0,浙江,杭州雕腾热电有限公司,91330005760210503
884.0,浙江,浙江旺陵热电有限公司,913300060760694462
885.0,浙江,杭州临江环保热电有限公司,91330106706168833
886.0,浙江,杭州泗某泵热电有限公司,9133000440620917G9
887.0,浙江,浙江开热电有限公司,9133010080270499K
888.0,浙江,杭州华电环保热电有限公司,913301011506621050
889.0,浙江,杭州金达莱环保热电有限公司,9133010672M
890.0,浙江,浙江省能源集团有限公司,9133000678980381
,,,91330106792120573J
891.0,浙江,浙江浙能镇海发电有限责任公司,913300007200836842
892.0,浙江,浙江浙能镇海天然气发电有限责任公司,91330116784359856
893.0,浙江,浙江浙能燃煤热电有限责任公司,9133011583957321Y
894.0,浙江,浙江浙能北仑发电有限公司,9133000149249835L
895.0,浙江,国电浙江北仑第一发电有限公司,91330000720083393Y
896.0,浙江,国电浙江北仑第二发电有限公司,91330206796022773J
897.0,浙江,台塑集团热电(宁波)有限公司,9133000763656291A
898.0,浙江,宁波艮昕燃煤电厂有限公司,91330024074182972P
899.0,浙江,宁波经纬技术开发区热电有限责任公司,91330206704834839J
900.0,浙江,宁波中集集装箱有限公司,91330006102538734
901.0,浙江,宁波光耀热电有限公司,9133021847396162N
902.0,浙江,浙江宁波华翔燃气发电有限责任公司,91330281756275063N
903.0,浙江,宁波世茂能源股份有限公司,91330281756272178X
904.0,浙江,浙江国华浙能发电有限责任公司,9133000741035171D
905.0,浙江,浙江国电宁波北仑发电有限责任公司,91330212753286162P
906.0,浙江,宁波北仑发电有限公司,9133021060721652T
907.0,浙江,宁波美联热电有限公司,91330201914026594
908.0,浙江,方华华光(宁波)热电有限公司,91330201750397844L
909.0,浙江,宁波广鸿热机热电有限公司,91330201753278656B
910.0,浙江,宁波灰龙热炭烯电有限公司,91330217144579892T
911.0,浙江,宁波明州热电有限公司,91330212756295929R
912.0,浙江,浙江能源绍兴发电有限公司,9133003679014779N
913.0,浙江,浙江温州特鲁发电有限责任公司,9133030743023883C
914.0,浙江,华润电力(温州)有限公司,91330006725714558
915.0,浙江,温州银帆发电有限公司,9133033773194757A
916.0,浙江,浙江浙能乐清发电有限责任公司,9133038775307676W
917.0,浙江,温州旺淞热电股份有限公司,9133030556986346H
918.0,浙江,嘉兴丹豸绿色能源有限公司,91330402671361435
919.0,浙江,嘉兴市能步云热电有限公司,91330402146582234J
920.0,浙江,民丰特种纸股份有限公司,9133000710995275M
921.0,浙江,浙江乐湾热电有限公司,9133000428206A68M
922.0,浙江,嘉兴申华热电开发有限公司,9133040604594444X
923.0,浙江,嘉兴市南长热电有限公司,9133001428A6A56M
924.0,浙江,嘉兴新辉火电有限公司,9133001428A965WT
925.0,浙江,嘉兴新源新能源有限公司,913304077533598C
926.0,浙江,嘉兴协鑫环保电热有限公司,913334209549022C
927.0,浙江,浙江嘉善协合热电有限公司,91332714100608XH
928.0,浙江,浙江嘉善协合热电有限公司,9133042170414779X
929.0,浙江,平湖弘成热电有限公司,91330482146682200H
930.0,浙江,浙江衢州景沃纸业有限公司,91330000710987018Q
931.0,浙江,平湖桑成环保科技有限公司,91330000660556741J
932.0,浙江,浙江山鹰纸业有限公司,913302427392365998
933.0,浙江,浙江恒祥热电有限公司,91330424753701636U
934.0,浙江,桐宁马桥永和市热电有限公司,9133048177310510663
935.0,浙江,海宁虹安热电有限公司,91330481744116893C
936.0,浙江,浙江华电热电有限公司,913304817511698355
937.0,浙江,浙江华孚制药纺织印染有限公司,91330481755936889A
938.0,浙江,浙江桐昆丰旭化学股份有限公司,9133000041293966622
939.0,浙江,浙江新海电能有限公司,91330000758075524L
940.0,浙江,桐乡爱姆环保能源有限公司,91330483MA28041XL
941.0,浙江,华能浙江乌热电有限责任公司,9133014830595677145
942.0,浙江,桐乡院施雅事环保热电有限公司,9133000786447516R
943.0,浙江,浙江新金梦燃发有限公司,913300007280853728
944.0,浙江,浙江新和能源有限公司,91330007330185189H
945.0,湖南,湖南加纳太湖阻焰电力有限公司,91330500746311432
946.0,湖南,湖南皇冕电和热力有限公司,913305007509812808
947.0,湖南,湖南加纳犁耕重科技有限公司,913305005719057592
948.0,湖南,国电湖州南浔天然气热电有限公司,91330500396775846H
949.0,湖南,湖州新奥洋口港热电有限公司,91330503051312098R
950.0,湖南,浙江嘉基天然气发电有限公司,91330500753036438F
951.0,湖南,慈溪星中热电有限公司,913305007652060271
952.0,湖南,德清热能电有限公司,913305211470821942
953.0,湖南,湖州加利新和热电有限公司,91330500747763023Y
954.0,湖南,浙江兄光生物科技有限公司,91330512609585615G
955.0,湖南,华能国际电力股份有限公司长电厂,91330521MA2905A6N
956.0,浙江,浙江星泰兴天然气发电有限公司,9133000073455629R
957.0,浙江,浙江星长兴天然气热电有限公司,91330500769624613R
958.0,浙江,浙江新能长兴发电有限公司,91330520543244345F
959.0,浙江,华星（安吉）燃机热电有限公司,91330500759631534K
960.0,浙江,浙江安吉丁润热电有限公司,9133050596819061XR
961.0,浙江,湖州润娸热电有限公司,913305235051451552
962.0,浙江,绍兴中成热电有限公司,913305205538236995
963.0,浙江,浙江永能尹新源热电有限责任公司,91330600145962083D
964.0,浙江,浙江天马热电有限公司,9133012276982546M
965.0,浙江,绍兴远东热电有限公司,91330602753014917B
966.0,浙江,,91330621755902387X
967.0,浙江,上虞热电股份有限公司,91330000146208058R
968.0,浙江,绍兴上虞热电有限责任公司,9133060074412948B
969.0,浙江,浙江丰顺环保能源股份有限公司,91330604796183368N
970.0,浙江,浙江建德八方热电有限责任公司,913306817530166807
971.0,浙江,浙江宁波市瑞浦新能源股份有限公司,913308037447777Q
972.0,浙江,浙江华佳热电集团有限公司,9133062473150654XA
973.0,浙江,浙江天顺国际织染江浙热电有限责任公司,9133060594358594H
974.0,浙江,浙江新能金华燃机发电有限责任公司,91330702704352415Y
975.0,浙江,金华宇能热电有限公司,91330700059584645P
976.0,浙江,兰溪黄涅环保热电有限公司,91330781760186304
977.0,浙江,浙江城麟热电有限公司,91330783147539049
978.0,浙江,浙江物产天然气浦江热电有限责任公司,91330726MA2B6Y955
979.0,浙江,浙江衢州业建集团有限公司,9133082174764614X
980.0,浙江,浙江新能兰溪发电有限责任公司,9133078157492287XQ
981.0,浙江,嵊州泰港环保热电有限公司,913308376253053013
982.0,浙江,恒盛能源股份有限公司,9133082578599066L
983.0,浙江,华电浙江龙游热电有限公司,91330825025815738F
984.0,浙江,阿克苏千禧有限公司,91330815877955937
985.0,浙江,浙江上强国际江山新热电有限责任公司,91330809076901458
986.0,浙江,浙江正蓝热电有限公司,91330820258234771
987.0,浙江,浙江新能台州天然气发电有限公司,91330825058267811U
988.0,浙江,龙游县金仑热电有限公司,9133070818347284
989.0,浙江,中海石油舟山石化有限公司,91330900148761163D
990.0,浙江,神华国华（舟山）发电有限责任公司,91330901628778648B
991.0,浙江,浙江新能中煤舟山煤电有限公司,91331000848851681T
992.0,浙江,浙江新能电力股份有限公司台州发电厂,91331002074671283F
993.0,浙江,台州市椒江热电有限公司,91331082597022013
994.0,浙江,台州市椒隆热电有限公司,9133102378437612P
995.0,浙江,浙江石渠集团热电有限公司,913312025550247Q
996.0,浙江,浙江新能台州第二发电有限责任公司,91330000471147463P
997.0,浙江,华能国际电力股份有限公司玉环电厂,9133110485372146F
998.0,浙江,台州市椒城热电有限公司,9133124739352770X
999.0,浙江,仙居县现代热力有限公司,9133120727305890
1000.0,浙江,宁波雅格制造有限公司,9133070027035890
1001.0,浙江,浙江依思楠种植股份有限公司,9133070027035890
1002.0,浙江,丽水市松岩燃煤热电有限公司,91331100609532615Q
1003.0,浙江,浙江台化热电有限公司,9133120515534269
1004.0,浙江,浙江环亚纳电有限公司,91330642137598754
,,,9133120515534269
1005.0,安徽,安徽淮南平圩发电有限责任公司,91340400850220739D
1006.0,安徽,淮南平圩第二发电有限责任公司,91340400750458746R
1007.0,安徽,淮南平圩第三发电有限责任公司,91340400850974691X
1008.0,安徽,淮沪煤电有限公司,913404076094750ZL
1009.0,安徽,淮浙煤电有限公司,91340400739397034R
1010.0,安徽,淮南矿业集团发电有限责任公司（潘三电厂、新庄孜电厂、利明电厂）,913404033928791E
1011.0,安徽,安徽电力股份有限公司淮南田家庵发电厂,9134040085024721G
1012.0,安徽,淮浙煤电有限责任公司凤台发电分公司,91340421777386169
1013.0,安徽,大唐淮南洛河发电厂,91340400850234959P
1014.0,安徽,安徽淮南洛能发电有限责任公司,9134040730334777X
1015.0,安徽,中煤新集能源股份有限公司新集一矿,91340400642386829
1016.0,安徽,中煤新集能源股份有限公司新集二矿,9134040064238644Y
1017.0,安徽,安徽华电六安电厂有限公司,9134150055019512Q
1018.0,安徽,马鞍山当涂发电有限公司,91340521769021863X
1019.0,安徽,皖能马鞍山发电有限责任公司,91340800536158204
1020.0,安徽,安徽马锐竹有限公司,913405850507337L
1021.0,安徽,山鹰国际控股股份公司,9134050015032337H
1022.0,安徽,中国石化化工销售华东管理有限责任公司安庆分公司,913408079983481E
1023.0,安徽,安徽华峰光纤有限公司,9134080970502306T
1024.0,安徽,安庆安庆皖江发电有限责任公司,913408077101597X
1025.0,安徽,国电蚌埠发电有限公司,9134070758506793M
1026.0,安徽,安徽新源热电有限公司,9134030752539433J
1027.0,安徽,中粮生物科技股份有限公司（自备电厂谷涧山分厂和淮北公司分厂）,913407017122608T
1028.0,安徽,安徽中原热电有限公司,91340707N3ZNLJB4
1029.0,安徽,安徽青中并河股份有限公司,9134000175149009J
1030.0,安徽,芜湖电厂煤电公司,913406005069980
1031.0,安徽,中粮新利特发电有限公司,9134162535547887C
1032.0,安徽,安徽淮北九华发电有限公司,9134075075099669L
1033.0,安徽,安徽宝丰电气设备有限公司,91340759X520487K
1034.0,安徽,安徽金禾实业股份有限公司,9134010066837334U
1035.0,安徽,巢州沪汇热电有限公司,9134010024809090P
1036.0,安徽,淮北盐业热电有限责任公司,913407075081189C
1037.0,安徽,安徽华塑股份有限公司,9134092071726987L
1038.0,安徽,安徽华塑电力化二公司,9134072126807
1039.0,安徽,安徽华塑能源化工有限公司,913400776019680842
1040.0,安徽,皖能铜陵热电有限公司,91340720522461747
1041.0,安徽,合肥热电集团有限公司安能分公司,91340100MA2N0HBX25
1042.0,安徽,安徽合肥肥东发电有限公司,91340100074091474G
1043.0,安徽,合肥东方热电有限公司,91340100573020340U
1044.0,安徽,合肥热电集团有限公司金源分公司,91340100MA2N0JLR2P
1045.0,安徽,合肥热电集团有限公司乐源分公司,91340100MA2N09L53R
1046.0,安徽,合肥新能源有限公司,91340100MA2N00618H
1047.0,安徽,合肥热电集团有限公司滨湖分公司,91340100MA2N09AU5T
1048.0,安徽,华能淮南发电有限责任公司,91340100672285019
1049.0,安徽,神皖合肥庐江发电有限责任公司,91340124343847107L
1050.0,安徽,皖能合肥发电有限责任公司,91340100784910466L
1051.0,安徽,安徽皖能新材料股份有限公司,9134011053584043T
1052.0,安徽,大唐淮北发电厂,91340600850890257W
1053.0,安徽,淮北国安电力有限公司,91340600164020256A
1054.0,安徽,淮北申皖发电有限责任公司,913406003960119796
1055.0,安徽,临泉申利发电有限公司,91340600786359357D
1056.0,安徽,淮北源誉电力有限公司,91340218173079092X
1057.0,安徽,淮北矿业股份有限公司杨庄煤矿有限公司,913406009703117472A
1058.0,安徽,淮北中皖保能能源有限公司,91340600769045757X
1059.0,安徽,安徽时力电炉有限公司,913407004745896563
1060.0,安徽,皖能铜陵发电有限责任公司,91340700783064325W
1061.0,安徽,国电铜陵发电有限公司,91340764762754802L
1062.0,安徽,铜陵有色金属集团控股有限公司,9134070011510774A
1063.0,安徽,铜陵亚亚能源有限公司,913407008781509XD
1064.0,安徽,安徽华电芜湖发电有限责任公司,913402087627737206
1065.0,安徽,芜湖新光农产品综合利用技术有限公司,913402086306613589
1066.0,安徽,芜湖深洲新能源有限公司,913402300302689496
1067.0,安徽,芜湖发电有限责任公司,91340200576508491K
1068.0,安徽,安徽銘宝发电有限公司,9134000772235451G
1069.0,安徽,安徽华润桐城发电有限责任公司,913413075292971206
1070.0,安徽,国电宿州第二热电有限公司,913413005621853206
1071.0,安徽,宿州国元发电有限公司,913413002797101206
1072.0,安徽,安徽安特鲁食品有限公司,9134130004211232F
1073.0,安徽,宿州市皖南制钢有限公司,9134130227593092D
1074.0,安徽,安徽安北发电有限公司,913413006300219541
1075.0,安徽,安徽金玉米农业科技开发有限公司,91331226709078675J
1076.0,安徽,安徽省淮北丰武生物质有限公司,913413322973728611
1077.0,安徽,国投淮城发电有限责任公司,913413207586216184
1078.0,安徽,淮北淮城发电有限责任公司,9134060087567407X
1079.0,福建,华能国际电力股份有限公司福州电厂,91350100X11041238G
1080.0,福建,福建华电可门发电有限公司,9135012275314528XW
1081.0,福建,国电福州发电有限公司,913501187593861481
1082.0,福建,福建省东南电化股份公司,91350000751010634
1083.0,福建,福州邦特新能源有限公司,91350181070883603X
1084.0,福建,福建大展纺织新材料有限公司,913501815895274495
1085.0,福建,福建大唐国际宁德发电有限责任公司,91350900754997337N
1086.0,福建,福建省福能安砂电供应公司,9135098213561882P
1087.0,福建,国投云顶澜山县电力有限公司,9135000071785635L
1088.0,福建,赛得利（福建）纤维有限公司,913503005550954452
1089.0,福建,中海福建燃气发电有限公司,9135020076152681J
1090.0,福建,福建省青山纸业股份公司,91350001581574975
1091.0,福建,福建申武安投资有限公司,91350481518412500Y
1092.0,福建,雪隆化工股份有限公司,9135040270793413R
1093.0,福建,神华福建（福港电）发电有限责任公司,91350800666504105M
1094.0,福建,华电（漳平）能源有限公司,9135081158722846P
1095.0,福建,莆磙紫金化工股份有限公司,9135000550885443
1096.0,福建,厦门瀚新拉有限公司,9135021175455687
1097.0,福建,厦门广宝源国际电力发展有限公司,91350206010244841
1098.0,福建,厦门赛沃环保能源股份有限公司,91350200737892023U
1099.0,福建,腾龙树脂制造（厦门）有限公司,91350200612049554
1100.0,福建,东亚电力打门有限公司,91350200717856302E
1101.0,福建,厦门闽集热电有限公司,91350206171434XE
1102.0,福建,国电泉州热电有限公司,913505057531206994
1103.0,福建,玖龙纸业（泉州）有限公司,913505075557511684
1104.0,福建,福建晋江热电有限公司,9135058276182874B
1105.0,福建,福建晋江天然气火电有限公司,913508276168537B
1106.0,福建,福建省闽北电气有限责任公司,9135058610632488D
1107.0,福建,福建省美兆生活用品有限公司,91350817052271814
1108.0,福建,福建洁源科技有限公司,91350581476389174
1109.0,福建,石狮市垃圾焚烧环保电厂有限公司,913503185932547D
1110.0,福建,神华福建发电有限责任公司,91350510523042047J
1111.0,福建,福建枝菲客有限公司,91350175502211451
1112.0,福建,福建省永春荔美企业有限公司,9135020752211450
1113.0,福建,联盛纸业（龙潭）有限公司,9135021112318268XU
1114.0,福建,漳州龙海兆业发展有限公司,9135061557947859
1115.0,福建,漳州森成纸业有限公司,9135052766683641S
1116.0,福建,漳州港兴纸品有限公司,913506078698415K
,,,913502776080164WM
1117.0,福建,腾龙芳烃（漳州）有限公司,9135060071866709A
1118.0,福建,福建联合石油化工有限公司,91350000156503771U
1119.0,福建,山鹰华南纸业有限公司,9135062576047982U
1120.0,福建,玖龙恒龙纸业有限公司,9135062516783187N
1121.0,福建,华阳电业有限公司,913506006114700876
1122.0,江西,赣浙发电有限责任公司,913606817599543950
1123.0,江西,江西赣能股份有限公司丰城一期发电厂,9136098179745790436
1124.0,江西,丰城矿务局电厂项目责任公司,913609817057878787R
1125.0,江西,国电丰城发电有限公司,913609115829587D3
1126.0,江西,江西省丰城新高苑电业有限公司,91360981744295892M
1127.0,江西,江西洪城水南落霞电有限公司,91360925696947206Y
1128.0,江西,江西龙造化实业有限公司,913609825799483XDJ
1129.0,江西,江西瑞普生态化工有限公司,91360900727337559
1130.0,江西,江西焦点发化有限公司,9136098227306690U
1131.0,江西,江西安字能源发展有限公司,91360982680933153L
1132.0,江西,江西景发能源发展有限公司,91360500518972513P
1133.0,江西,国家电投集团江西电力有限公司分宜发电厂,913605212089306468R
1134.0,江西,国电金溪发电有限公司,9136127759699646H
1135.0,江西,华能资源发电有限责任公司,913613008239694964P
1136.0,江西,华润早业股份有限责任公司安源发电厂,91360308599891210Q
1137.0,江西,江西南美纸业有限公司,9136030156865718F
1138.0,江西,国家电投集团江西电力有限公司新华发电分公司,913612205441243O3Y
1139.0,江西,江西鹰纸业有限责任公司,91360101474264607C
1140.0,江西,南昌力大资源综合利用科技有限公司,9136011MA360KUJ93
1141.0,江西,赛得利（江西）化纤有限公司,9136040741555891Y
1142.0,江西,九江恒生化纤股份有限公司,9136040781272984I
1143.0,江西,国电九江发电有限公司,9136040075506993B
1144.0,江西,赛得利（九江）纤维有限公司,91360403363929212
1145.0,江西,江西省电力九分布式能源有限公司,9136040251716090C
1146.0,江西,江西塑艺有限公司,9136040058104805Q
1147.0,江西,江西莲星有限公司机械租赁,913111085013729K
1148.0,江西,中国石油化工股份有限公司九江分公司,91314704788423U
1149.0,江西,江西蓝珞教育有限公司,91314444789922314M
1150.0,江西,神华宁江发物业有限责任公司,91340359723617290G
1151.0,江西,乐平中天蒸热有限公司,91311592471114I5
1152.0,江西,国家电投集团江西电力有限公司景德镇发电分公司,913013068157135
1153.0,江西,江西世友实业股份有限公司,91301306783895817
1154.0,江西,江西装浆综合利用电业有限公司,9133600721456912S
1155.0,江西,江西雅泰新材料股份有限公司,91360200739127564F
1156.0,江西,景德镇市焦化能源有限公司,9136020071658376J
1157.0,江西,华能国际电力股份有限公司井冈山电厂,91360800763385260K
1158.0,江西,江西省宜春樟树市粗又黄烟生植物有限公司,913608217723732379
1159.0,江西,中盐新干盐化有限公司,913608241621990054
1160.0,江西,钰龙能源（新于）有限公司,91360824MA35K3JY3C
1161.0,江西,江西九二盐业有限责任公司,9136073376978246X7
1162.0,江西,华能瑞金发电有限责任公司,9136070078412609XX
1163.0,江西,赣州华劲纸业有限公司,913607027607015749
1164.0,江西,江西大唐国际抚州发电有限责任公司,9136100674966178Y
1165.0,江西,九江大轲科技有限公司,91360429MA3R1PRY19
1166.0,江西,江西五星纸业有限公司,91360429099477051U
1167.0,江西,泰蕾（江西）生活用品有限公司,91360406MA35GFJ9H
1168.0,江西,江西省江西消协有限责任公司,91360900716533152G
1169.0,江西,江西众氟科技发展有限公司,91361029951817863B
1170.0,江西,上栗县铍铝企业有限公司,91360322732931925C
1171.0,江西,江西华电宜春市新能源发展有限公司,9136181784850513N
1172.0,山东,济南热电有限公司,91370100163155357D
1173.0,山东,华能济南高台槽炭电有限公司,913701006306343516
1174.0,山东,济南新源热力有限责任公司,913701003712193934
1175.0,山东,华电章丘发电有限公司,91370187059297419
1176.0,山东,山东新开实业发展有限责任公司,9137018135376400XF
1177.0,山东,济阳新华能资源业有限责任公司,91370125747833780M
1178.0,山东,济南市琅琊热电有限责任公司,9137012465353637H
1179.0,山东,华电国际电力股份有限公司莱城发电厂,91370120732882676B
1180.0,山东,山东阳光电力有限公司,91371200MA3C4XC9I
1181.0,山东,济南兴荣能源有限责任公司,9137018MA3Y33326
1182.0,山东,山东泰来阳日人工禹亳什有限公司,91370181163416509B
1183.0,山东,华能泰安发电有限公司,9137120069871516Y
1184.0,山东,山东富钾电动有限公司,91371200517670147X
1185.0,山东,山东育丰低烧热电有限公司,91370130681227008Y
1186.0,山东,华电青岛发电有限公司,91370200718099002XL
1187.0,山东,青岛能源荣热电有限公司,9137020064629207XB
1188.0,山东,青岛热电股份有限公司,91370200743959706J
1189.0,山东,青岛圣海热电有限公司,913702217602743467
1190.0,山东,青岛矿产总厂有限公司,91370200743959706J
1191.0,山东,青岛津亿热电有限公司,91370221463966332L
1192.0,山东,青岛银树热电有限公司,91370421163981739A
,,青岛利发汉东材料股份能源有限公司,
1193.0,山东,大唐黄岛发电有限责任公司,91370211163861534D
1194.0,山东,中燃热力用热电有限公司,91370211MA3RJW37S
1195.0,山东,青岛鹏源热电有限公司,9137021178757068XF
1196.0,山东,青岛鹏恒热电有限公司,91370211718060379J
1197.0,山东,青岛崂源热电有限公司,91370214053057369H
1198.0,山东,青岛鑫海热电有限公司,91370214725574255T
1199.0,山东,青岛新源热电有限公司,91370228760267402N
1200.0,山东,即墨市热电厂,91370228163951978A
1201.0,山东,青岛龙发热电有限公司,91370281169650878Q
1202.0,山东,青岛兴平热电有限公司,9137028316076335U
1203.0,山东,青岛蓝宝石酒店有限公司,9137016061430352P
1204.0,山东,青岛九联集团股份有限公司热电厂,913702853M3G4U1BF
1205.0,山东,青岛金泰热力有限公司,91370285740378500Y
1206.0,山东,青岛高岭光学有限公司,91370200163569824H
1207.0,山东,青岛万强典型投资有限公司,9137028585367753N
1208.0,山东,华能山东发电有限公司自备河发电厂,91370230MA3M8NB5D
1209.0,山东,沂源县源能电气有限公司,91370323168612940L
1210.0,山东,邹平县升热电有限公司,9137032675504186W
1211.0,山东,邹平县中泽热风有限公司,91370321642003246
1212.0,山东,邹平县胜利煤化有限公司,91370326132902316
1213.0,山东,山东鲁维制药有限公司,91370300797301985B
1214.0,山东,山东东肃热电有限公司,9137032251449967XN
1215.0,山东,邹平联美笔物质热电有限公司,9137032255034190D
1216.0,山东,邹平联美印花有限责任公司,91370307292603683
1217.0,山东,植台县见助热电有限公司,91370321679737367X
1218.0,山东,邹平大润和力有限公司,9137032109658198U
1219.0,山东,山东东氯酸工材有限公司,91370300759166046W
1220.0,山东,邹务本味热约有限公司,91370321746754190D
1221.0,山东,天源热电有限公司,9137032611425223L
1222.0,山东,山东天能热电热有限公司,913703614269655B
1223.0,山东,天源热学栋力有限热的有限公司,913702827480965654X
1224.0,山东,华能官庙发电有限公司,9137037506953802D
1225.0,山东,中国化集团物业管理有限公司济鲁牛分公司,91370305661437395K
1226.0,山东,滨州市沂临滨州市有限公司,913703061432203M0
1227.0,山东,邹平临滨龙光热电股份有限公司,913703044MC3BCQX7D
1228.0,山东,邹平增燃热电有限公司,91370302661872062R
1229.0,山东,滨州市热电集团有限公司,91370303MA3CQ9EY2T
1230.0,山东,中铝山东有限公司,913700003236869467
1231.0,山东,华电聊城热电有限公司,91370300734704736Y
1232.0,山东,鲁翰园翔龙思股份有限公司,91370303MA3C68PR8H
1233.0,山东,阳煤集团淄矿齐鲁第一化肥有限公司,91370305756382010G
1234.0,山东,潍坊滨海达仕工贸有限公司,91370730374051654
1235.0,山东,山东丰源泗流电力有限公司,913704075679373XQ
1236.0,山东,枣庄八一次煤炭热电有限责任公司一期,91370400752689138F
1237.0,山东,山东丰源泗流电力有限公司,91370400762557345
1238.0,山东,远通纸业（山东）有限公司,91370006731793168
1239.0,山东,枣庄市建阳热电有限公司,91370400509316475
1240.0,山东,山东圣晖煤电有限公司,91370400672209165R
1241.0,山东,华电聊城新燃热电有限公司,913704811699815868
1242.0,山东,枣庄业翔新能源焦炉煤气焦电有限责任公司,91370490748992046L
1243.0,山东,胜州亿达华燃煤电力有限公司,913704815752656942Q
1244.0,山东,胜利富源燃气供煤热电有限公司,9137048157451815Y
1245.0,山东,山东恒工工贸有限公司,913704811699857374
1246.0,山东,胜州市六荣煤气热电有限公司,913704815891152573
1247.0,山东,山东胜利燃源热电有限公司,91370481754438979G
1248.0,山东,山东齐贤生化股份有限公司,91370481189697504P
1249.0,山东,竞争营销化工有限公司,91370406644327461
1250.0,山东,华电国际电力股份有限公司十里泉发电厂,913704006144463831
1251.0,山东,山东枣庄洞煤电力有限公司,913704007526799992
1252.0,山东,中国石化集团胜利石油管理局有限公司胜利发电厂,91370050864731150R
1253.0,山东,胜利电厂（东营）热电有限公司,913705005791185X1N
1254.0,山东,东营市胜利热能电有限责任公司,91370512753123854
1255.0,山东,广饶县大王热力有限公司,91370523MA3D4NEL2U
1256.0,山东,东营市西水东洞供电有限责任公司,91370523276687475W
1257.0,山东,山东东恒热电有限公司,91370523723946234
1258.0,山东,山东金岭化工股份有限公司,91370007262000368
1259.0,山东,山东华泰热力有限公司,9137052375445851XJ
1260.0,山东,利津力能热电有限公司,913705221469223519
1261.0,山东,利津力能热化有限公司,91370500864214475
1262.0,山东,东营市滨海热力有限公司,913705005679142475
1263.0,山东,东营方华化工集团有限公司,91370527352171339
1264.0,山东,东营金泓热电高科技有限公司,91370507402035006H
1265.0,山东,东营市滨海燃力有限公司,913705005766169249
1266.0,山东,东营市滨海燃农荣实业有限公司,913705273700575017
1267.0,,华能山东发电有限公司烟台发电厂,91370602MA3MBNPF78
1268.0,山东,烟台亨通热电有限责任公司,91370612265526657N
1269.0,山东,烟台迎山热电有限公司,913706127544641504
1270.0,山东,烟台隆达炼化有限公司,91370612163545293F
1271.0,山东,烟台南山泉实业有限公司,913706137697147XE
1272.0,山东,万华化学（烟台）氯碱热电有限公司,91370600617928075
1273.0,山东,烟台西部热电有限公司,91370600734698532N
1274.0,山东,国家能源泰安发电有限公司,9137068475915892WX
1275.0,山东,蓬莱荣泰热电有限公司,913706847456638027
1276.0,山东,华电龙口风电股份有限公司,91370000169423228R
1277.0,山东,龙口电业集团热电有限公司,91370681764803188K
1278.0,山东,山东山能集团股份有限公司,91370000758031114
1279.0,山东,山东有力电业有限公司,91370681755451802M
1280.0,山东,龙口昌元东流热电有限公司,913706817514550521
1281.0,山东,龙口王苑化纤有限公司,913706817420487576
1282.0,山东,招远市热电厂有限公司,9137068597153418XQ
1283.0,山东,招远市热绿色能源有限公司,913706857154266246
1284.0,山东,华电莱州风电有限公司,9137068355990211JU
1285.0,山东,莱州龙泰热电有限公司,9137068376575735XT
1286.0,山东,莱阳市阳阳电气有限公司,9137068276917403JX
1287.0,山东,莱芜风电热电有限公司,91370687749587317R
1288.0,山东,烟台鑫源热电有限公司,913706867648006732
1289.0,山东,安丘鑫源热电有限公司,9137068146565434L
1290.0,山东,昌乐盛洪热电责任有限公司,91370727554173654
1291.0,山东,华电潍坊发电有限公司,9137070661542339M
1292.0,山东,山东潍坊燃煤热电有限公司,91370781732819672F
1293.0,山东,青州普能热电有限责任公司,9137071832269242JT
1294.0,山东,山东淄博化建有限公司热力电力分公司,913707008654600220
1295.0,山东,山东寿光巨能热电发展有限公司,913707837752795617
1296.0,山东,山东新力热电有限公司,913707837201731250
1297.0,山东,寿光金太阳热电有限公司,9137078357545416XG
1298.0,山东,潍坊恒安热电有限公司,913707275551432X7
1299.0,山东,潍坊斯力热电有限公司,9137070067817147XW
1300.0,山东,神华国华寿光花园有限责任公司,9137075869434656X
1301.0,山东,诸城市安热电有限公司,913707827536757M
1302.0,山东,诸城经济开发区联合热电有限公司,91370782766664697J
1303.0,山东,诸城市龙光热电有限公司,9137078275371019C
1304.0,山东,安丘热电有限公司,9137062332854997A
1305.0,山东,高密万丰热电有限公司（高源热电）,913707855135812319
1306.0,山东,山东魏桥化纤有限公司,9137078516585485A
1307.0,山东,山东莱芜科技有限公司,91370783863148806
1308.0,山东,山东天力渔业有限公司渔栏养殖分公司,91370783584532827R
1309.0,山东,山东新和成业有限公司热电分公司,9137070005498819X
1310.0,山东,潍坊环球实业有限公司,913707001657698540
1311.0,山东,潍坊齐润纺织有限公司,9137070575917011XU
1312.0,山东,诸城南同熟热电有限公司,91370782666739143L
1313.0,山东,山东惠鸣纸业集团股份有限公司,91370700163889860
1314.0,山东,寿光龙能化业有限公司,91370783690694340B
1315.0,山东,山东新龙集团有限公司,91370783727575323J
1316.0,山东,山东菏泽无生物工程有限公司,913707887546412728
1317.0,山东,东昌吕昌能化学责任有限公司,9137078675282795A
1318.0,山东,山东晨虹工股份有限公司(1厂),91370700072049183H
1319.0,山东,潍坊特钢集团有限公司,91370700165557771P
1320.0,山东,华能国际电力股份有限公司济宁电厂,91370800165921385B
1321.0,山东,华能宁宇运河发电有限公司,91370800MA3BX3T2T
1322.0,山东,欧山集团巡湖电有限公司责任公司,91370827658369620
1323.0,山东,致程电(集团)付村标五热电有限公司,9137082765299942D
1324.0,山东,山东泰山电有限公司,9137082777099292T
1325.0,山东,新程縁业熟热电有限公司,913708291682545687
1326.0,山东,山东齐鲁鲁能煤电股份有限公司阳城电厂,9137083066087829C
1327.0,山东,淮水更新热电有限公司,91370831784631672
1328.0,山东,梁山蔬花生物科技有限公司,91370832696882741S
1329.0,山东,华能宁安晟环热电有限公司,9137080742445631P
1330.0,山东,山东华聚能源股份有限公司济一号电厂,91370800MA3C6G6P1L
1331.0,山东,山东东营滨电力有限公司,9137080071045952K
1332.0,山东,华能赵祥发电有限公司,9137080061565953J
1333.0,山东,华能曲电有限公司,91370800715551467B
1334.0,山东,山东华聚能源股份有限公司煤庄矿电厂,91370828MA3C6CY990
1335.0,山东,东昌吕煤矿综合利用电厂,9137082859050963P
1336.0,山东,滨州港电有限公司责任公司,91370827666929957
1337.0,山东,魏州清润电力有限公司,9137080071694820G
1338.0,山东,山东阳光电股份有限公司,9137080076094280Q
1339.0,山东,山东巨参电有限公司,913708005909212668
1340.0,山东,邹城赵广热电有限公司,9137088736367823W
1341.0,山东,华电国际电力股份有限公司邹星发电,9137085363367B3W
1342.0,山东,华能临县电有限公司,9137088266975328P
1343.0,山东,山东华聚能源股份有限公司鲁能矿电厂,913708384539669686
1341.0,山东,山东华聚能源股份有限公司东滩矿电厂,91370834935671273
1343.0,山东,兖矿集团有限公司电力分公司,9137083687223453L
1346.0,山东,山东太阳宏河煤业有限公司,9137083092194518F
1347.0,山东,泰安润泰山城热电有限公司,9137090073972481K
1348.0,山东,泰安新汶矿务局热电有限责任公司,913709007508644XE
1349.0,山东,山东菏泽热电化工有限责任公司,91370900MA3P8QMC2N
1350.0,山东,山东岳恒制热有限公司,9137000785020852U
1351.0,山东,泰山石膏有限公司,9137000077438737W
1352.0,山东,泰安立人热电有限公司,91370982767750122R
1353.0,山东,泰安新汶顶端热电有限公司,9137090074339218G
1354.0,山东,山东光明热电股份有限公司,9137000016690693XY
1355.0,山东,华能山东发电有限公司安泰电厂,91370982MA3DP8NY7G
1356.0,山东,山东醴晋矿电力股份有限公司,9137000062158042G
1357.0,山东,山东济淄热电有限公司,913709007544833520
1358.0,山东,新泰正大热电有限责任公司,9137098261699561618
1359.0,山东,肥城胜利热力有限公司,91370936817092628J
1360.0,山东,国家能源费县热电厂有限公司,91370983771417447
1361.0,山东,宁阳金桥热电有限责任公司,913709217337129960
1362.0,山东,泰安华宇电热有限公司,91370900743392826B
1363.0,山东,山东润银生物化工股份有限公司,91370921732630905U
1364.0,山东,东平光源热电有限公司,91370000724955590Q
1365.0,山东,山东中华久电有限公司石横热电厂,9137093276202955H
1366.0,山东,国家能源泰安热电有限公司,9137090076103712G
1367.0,山东,威海市文登热电厂有限公司,913709008510932X3
1368.0,山东,威海市众鑫热电有限公司,91370015870486735Q
1369.0,山东,威海市环通热电股份有限公司,9137018MA3JD7J38A
1370.0,山东,华能威海发电有限责任公司,91371000266360011K
1371.0,山东,威海热电集团有限公司,9137000264206686A
1372.0,山东,威海西郊热电有限公司,91370100666890074
1373.0,山东,威海市南郊热电有限公司,91370012744503882W
1374.0,山东,荣成市天鹅热电有限公司,91371008276981046
1375.0,山东,荣成国电济永有限公司安热电厂,91371082760895316K
1376.0,山东,荣成市热电有限公司,91371082760684561B
1377.0,山东,乳山热电有限公司,913710821686739369
1378.0,山东,乳山裕洋能源厂,91371083166779536G
1379.0,山东,威海市明珠热电有限公司,91371085706252365X
1380.0,山东,乳山市东方热力有限公司,913701083728611357P
1381.0,山东,,913710835625240682
1382.0,山东,山东凯翔阳光集团有限公司,9137121165882099G
1383.0,山东,日照阳光热电有限公司,9137100746659997XT
1384.0,山东,华能国际电力股份有限公司日照电厂,9137110072027996W
1385.0,山东,山东日照发电有限公司,91371100614072180F
1386.0,山东,青县七源热电有限公司,91371221685324735
1387.0,山东,日照华泰纸业有限公司,9137112268588663C
1388.0,山东,日照新源热力有限公司,9137113052399236P
1389.0,山东,莒南新源热电有限公司,91371237782331485
1390.0,山东,莒南力源热电有限公司,9137127761847473N
1391.0,山东,华能临沂发电有限公司,91371001682717872
1392.0,山东,山东联合煤通化工股份有限公司,91371300613999830P
1393.0,山东,临沂恒昌热电有限责任公司,91371232580654873C
1394.0,山东,临沂华控热电有限公司,91371234747834724B
1395.0,山东,山东黎达热电科技有限公司,91371236555230328G
1396.0,山东,沂水大地热兴开发有限公司,91371232724267106M
1397.0,山东,山东民达生物科技有限公司,9137132689845145X
1398.0,山东,青银食品有限公司,9137133216857107B
1399.0,山东,沂水宏热电有限责任公司,91371232740964489O
1400.0,山东,山东电力热力有限公司,91391321346330273
1401.0,山东,诺贝尔（中国）农业有限公司,913710006874230XQ
1402.0,山东,金沂蒙集团有限公司,91371329168846325C
1403.0,山东,临沂集团供热服务有限公司,9137132908084423K
1404.0,山东,临沂恒源热力集团有限公司,91371330608607775H
1405.0,山东,临沂昊盛金陵润滑油集团有限公司,91371300613993038
1406.0,山东,临沭源热电有限公司,91371300334613802R
1407.0,山东,国家能源集团发电有限公司,91371325670013189T
1408.0,山东,临沂田阳光热力有限公司,91371325328377063F
1409.0,山东,德州华能北化有限公司,913714006726186R4
1410.0,山东,德州华化化工有限公司,913714006676053140
1411.0,山东,山东中花茶源农业有限公司,913721157181610D
1412.0,山东,谷神生物科技集团有限公司,913713228150581U
1413.0,山东,山东省商标新源热电有限公司,9137148273066751XU
1414.0,山东,山东天力电力有限公司热电厂,9137148267587030D
1415.0,山东,乐东沂源热电有限公司,9137131104202988XW
1416.0,山东,山东江河源农业有限责任公司,91371245720742774B
1417.0,山东,临沂国科热电有限责任公司,9137132735299828X
1418.0,山东,岚恒平原化工有限公司,9137142671441R1R7
1419.0,山东,平原县天乐热电有限公司,91371426MA3C6AL676
1420.0,山东,德州利源纸业有限公司,91371426MA3PJU932U
1421.0,山东,山东东营龙成热电有限公司,91371428063508891
1422.0,山东,夏津县热电有限公司,91371427755420531N
1423.0,山东,庆云隆盛热电有限公司,91371423312783921E
1424.0,山东,德州阳光元热电有限责任公司,913714007292694261
1425.0,山东,华能国际电力股份有限公司德州电厂,91371400167270747F
1426.0,山东,山东华鲁恒升化工股份有限公司,913700007232868585L
1427.0,山东,冠县冠翔木业有限公司,913715257639368685
1428.0,山东,冠县恒润热电有限公司,91371525762870360C
1429.0,山东,东阿华通热电有限公司,91371524760091185M
1430.0,山东,大唐临清热电有限公司,91371851550949296N
1431.0,山东,临清市祥燃热电有限公司,91371581MA3MEQHP29
1432.0,山东,临清远洲电力有限责任公司,91371581733717682A
1433.0,山东,山东希望森源实业有限公司,913715227528815638
1434.0,山东,阳谷热泉热电有限公司,913715214568542X3
1435.0,山东,山东商唐电厂,9137152616821724W
1436.0,山东,山东时代（集团）有限责任公司,91371526182127528
1437.0,山东,山东荣林纸热电有限公司,913715267825998495
1438.0,山东,枣平华孚华电枣庄热电有限公司,913700679712461N
1439.0,山东,聊城德润纸制有限公司,91371500791515198
1440.0,山东,茌平齐鲁供热有限公司,91371523732603456T
1441.0,山东,山东华电电力有限公司聊城发电厂,91371500272653541E
1442.0,山东,国家能源聊城发电有限公司,91371500787158388B
1443.0,山东,鲁西化工集团股份有限公司动力分公司,913715006619802290
1444.0,山东,聊城慧天热电有限公司,91371500760047729F
1445.0,山东,华能聊城热电有限公司,9137150743384762U
1446.0,山东,菏泽北海恒和新材料有限公司,9137160058190837L
1447.0,山东,菏泽市北区工业新区新材料有限公司,913711624079650023
1448.0,山东,邹平县汇金热电有限公司,91371626MA3C9HLF5B
1449.0,山东,山东滨北新材料有限公司,91371600576635185E
1450.0,山东,无棣鹏渤热力有限公司,91371600G670995104
1451.0,山东,滨州泰安热电有限公司,91371602739271836D
1452.0,山东,山东滨源泰达热电有限公司,91371625735540148L
1453.0,山东,山东泰鸿热力有限公司,91371600572876456F
1454.0,山东,滨州东力热电有限公司,9137162767595980D
1455.0,山东,山东明逸热电有限公司,9137172616232490678
1456.0,山东,山东菏建建筑集团有限公司恒丰分公司,91371625726697150J
1457.0,山东,山东盛和建施有限公司,
1458.0,山东,山东鑫能热动力有限公司,91371625050931874B
1459.0,山东,华能济北热电有限公司,91371624748906378Q
1460.0,山东,无棣县新星热电有限责任公司,91371623753511454T
1461.0,山东,无棣金波供热有限公司,913716230730027442
1462.0,山东,大唐郓北电力有限公司,913716236872043086
1463.0,山东,滨州高新供电股份有限公司,9137160079865802XF
1464.0,山东,邹平顶峰热电有限公司,91371600728627885U
1465.0,山东,大唐滨州热电有限公司,9137160155788841XE
1466.0,山东,邹平县宏利热电有限公司,91371626MA3C9X8Y5F
1467.0,山东,邹平县宏达热电有限公司,91371626MA3C9FJ39H
1468.0,山东,邹平县安创燃电有限公司,91371626MA3C9HEJ7G
1469.0,山东,黄河三角洲(滨州)热力有限公司,913716000687385464
1470.0,山东,邹平星桥供热有限公司,91371626502358493X
1471.0,山东,邹平县电力实业有限公司,9137162617204179K
1472.0,山东,邹平县洋光实业有限公司,91371626738167819T
1473.0,山东,金盛海洋科技有限公司,9137160097515673XT
1474.0,山东,成武安泰热电有限公司,913701706973402XT
1475.0,山东,山东东明石化集团有限公司,9137172816928036XB
1476.0,山东,山东旺丰化工有限公司,91371705J7817153J
1477.0,山东,单县炉鑫生物发电有限公司,91371220757517496
1478.0,山东,菏泽民生热力有限公司,913717003127877114
1479.0,山东,华润电力(菏泽)有限公司,9137170066393970P
1480.0,山东,山东菏泽电厂,913701068852914K
1481.0,山东,国家能源菏泽发电有限公司,91371700666882529R
1482.0,山东,山东中悦电有限公司菏泽电厂,913717057267233208
1483.0,山东,山东恒顺供热有限公司,9137010562478700
1484.0,山东,山东恒力供热有限公司,9137010557855567B
1485.0,山东,山东开泰化股份有限公司,913703704456465B
1486.0,山东,日照瀚云臻热业集团有限公司,913701073576938XF
1487.0,山东,山东国惠濒海乐司有限责任公司,9137013394160621U
1488.0,山东,泰成兴兆电缆有限公司,9137016238650295X
1489.0,山东,临朐县西城热电有限公司,91370274765674141N
1490.0,山东,中化沂河石油化工有限公司,913702076546422XB
1491.0,山东,山东魏桥创业集团有限公司,91371702753206059G
1492.0,山东,费县上源热电有限责任公司,91371253753521580C
1493.0,山东,紫阳信鑫盛热电有限责任公司,913709286372463737
1494.0,山东,招远市正泰热力有限责任公司,9137068514340086F
1495.0,山东,龙口市从林热电有限公司,9137068169461670N
1496.0,山东,华能山东发电有限公司八角发电厂,9137060079394617XG
1497.0,山东,烟台昌明电石有限公司,9137061226503085Y
1498.0,山东,济宁雪雁热电有限公司,9137080077932300C
1499.0,山东,山东桓熵热电有限公司,913716247563832755
1500.0,山东,菏泽湖动热电有限公司,91371600MA3PLPN3ZJ
1501.0,山东,滨州绿丰热电有限公司,91371600MA3NPSQJQ
1502.0,山东,滨州绿能热电有限公司,91371621MA3LPXJX6
1503.0,山东,滨州绿源热电有限公司,91371622MA3PM8JE24
1504.0,山东,山东兴达新能源有限公司,91370521081707049
1505.0,山东,山东万达热电有限公司,91370522176667356F
1506.0,山东,山东低能脚热热电有限公司,91371500617680766H
1507.0,山东,山东长城化工有限公司,91371278869294885X
1508.0,山西,襄煤瑞泽化有限公司,91370000754456581B
1509.0,山西,郑煤金源热电有限责任公司,913717275678020210N
1510.0,河南,华润电力安封有限公司,91410000717850643A
1511.0,河南,郑州荥拾电能源有限公司,914101007538661482P
1512.0,河南,郑州集进热电能有限公司,91410100753866474W
1513.0,河南,郑州升源兴热电有限公司,91410100758359631T
1514.0,河南,国家电投集团峡州煤气发电有限公司,91340100763130428H
1515.0,河南,中锂产业有限公,914100007103949241
1516.0,河南,郑州裕白电源有限责任公司,9141018375133358J
1517.0,河南,国电安阳热电一化化有限公司,914016828791502166
1518.0,河南,南阳电立方有限公司,9141000761676443R
1519.0,河南,国家电投越南电力投资公司金封发发电公司,91401203556928705N
1520.0,河南,大唐洛阳电力投资有限责任公司,914103007018696H
1521.0,河南,大唐洛阳电力有限责任公司,91410300171073045T
1522.0,河南,洛阳双源热电有限责任公司,914103001711266442
1523.0,河南,神华能源香孩热电有限责任公司,91410100758421317P
1524.0,河南,河南省雷电力首产品山润酶需,91410000715828926
1525.0,河南,华能阳电热电有限责任公司,914100305599602746
1526.0,河南,洛阳建龙发电有限责任公司,914300653702237
1527.0,河南,方基地股份有限责任公司,91430122688802
1528.0,河南,洛阳德发发发有限公司,9143023767670740D
1529.0,河南,洛阳互江万握丝练有限公司,914101007584564124
1530.0,河南,河南安龙农业有限公司,914103295764397634
1531.0,河南,洛阳开机中发京真公电有限公司,914000075712572M
1532.0,河南,洛阳万双升热电有限责任公司,91410227268948X
1533.0,,洛阳煤大化物科技有限公司,9141030745774749XP
1534.0,河南,平顶山姚孟发电有限责任公司,91410400755196136Y
1535.0,河南,国家电投集团河南电力有限公司平顶山发电分公司,914104005569324208
1536.0,河南,国家电投集团平顶山热电有限公司,914104007538973XXB
1537.0,河南,河南神马马龙化工有限责任公司,91410000070000791G
1538.0,河南,平顶山市高热燃能有限公司,91410411706571286A
1539.0,河南,中国平煤神马集团联合盐化有限责任公司,914101422668883931N
1540.0,河南,平顶山市神马联合电力有限公司姚孟热电厂,91410482599101018N
1541.0,河南,中国平煤神马集团尼龙科技有限公司,914104009049949903
1542.0,河南,安阳华祥工业集团有限责任公司,91410500172191923G
1543.0,河南,大唐林州热电有限责任公司,914105816700588774
1544.0,河南,大唐安阳电力有限责任公司,91410500172195759G
1545.0,河南,大唐安阳发电有限责任公司,91410500756900906Y
1546.0,河南,林州市清源餐饮有限公司,91410518MA3X9HDJ0J
1547.0,河南,河南昊天农业开发有限公司,9141060876235548G
1548.0,河南,鹤壁煤电股份有限公司热电厂,91410600564273370R
1549.0,河南,鹤壁煤电热力有限责任公司,91410602269087068
1550.0,河南,鹤壁丰鹤发电有限责任公司,91410600763141336G
1551.0,河南,鹤壁煤电股份有限公司化工分公司,914106005885636479
1552.0,河南,鹤壁市宝山电厂,9141000635001388C
1553.0,河南,卫辉市聚能化工有限公司,914107106262160XP
1554.0,河南,河南省天利科技有限责任公司,91410782094457465T
1555.0,河南,新乡白鹭煤业有限公司,91410722515986479P
1556.0,河南,河南兴泰纸业有限公司,91410721697307482M
1557.0,河南,新乡县恒新热力有限责任公司,91410721MA3X9B823L
1558.0,河南,新乡新亚纸业有限公司,91410000071374009G
1559.0,河南,华电郑东发电有限公司,91410700659974146
1560.0,河南,国电投新乡豫新发电有限责任公司,91410700712930335Y
1561.0,河南,华电新乡发电有限公司,9141072853888237
1562.0,河南,河南孟电集团热力有限责任公司,91410827753241830P
1563.0,河南,新乡化纤股份有限公司,91410000700014285
1564.0,河南,新乡中艺热力有限责任公司,91410827054747431T
1565.0,河南,新乡中益发电有限公司,9141080128590848134
1566.0,河南,国家能源集团焦作电厂有限责任公司,91410821083842501
1567.0,河南,焦作金冠煤电有限公司,914108122447503885
1568.0,河南,华润电力焦作有限公司,9141080052643285Y
1569.0,河南,焦作市电力有限公司,914108206785238U
1570.0,河南,焦作焦化（集团）鸿德电力有限责任公司,91410800714751069G
1571.0,河南,河南省武陟马村源煤化工有限公司,914108037457152450
,,,914108237551874560
1572.0,河南,河南江汇纸业股份有限公司,91410800740722586T
1573.0,河南,武陟王三五电器有限公司,91410823MA3XAD8P0J
1574.0,河南,风神轮胎股份有限公司,914100007126348530
1575.0,河南,中铝中州铝业有限公司,914108231337276196
1576.0,河南,焦作万方铝业股份有限公司,91410000713525171F
1577.0,河南,河南置煤天然煤化工有限责任公司,91410882556914967P
1578.0,河南,许昌龙岗发电有限责任公司,91411100742848328
1579.0,河南,禹州市第一火力发电有限责任公司,9141118577521522N
1580.0,河南,许昌市天然气热能股份有限公司,9141100057104068XF
1581.0,河南,长葛市恒达热力有限责任公司,91411082563726905Y
1582.0,河南,许昌东力热力有限公司,914112356100380XH
1583.0,河南,许昌天健热力有限公司,9141100174272929XA
1584.0,河南,许昌天健热力有限责任公司,91411000755195360B
1585.0,河南,华药中迅（许昌）生物科技有限公司,91411100327598709E
1586.0,河南,河南熊猫电有有限公司,9141000070899526W
1587.0,河南,华电南阳热电有限公司,9141110680676402X2
1588.0,河南,河南鹤壁兴业投资股份有限公司,914100007000516XK
1589.0,河南,濮阳市天蓝物化工有限公司,9141112273676125Q
1590.0,河南,许昌振生贸易有限公司,91411122556915092P
1591.0,河南,河南金地化工有限责任公司,9141112712788306R
1592.0,河南,中盐舞阳化化有限公司,9141112750749969J
1593.0,河南,漯河新热力有限公司,91411303MA3X80559B
1594.0,河南,大唐三门峡发电有限责任公司,914113209562545100
1595.0,河南,大唐三门峡发电有限责任公司,91411100753850317Q
1596.0,河南,三门峡华阳电力有限公司,91411200706669203X
1597.0,河南,义马煤业集团股份有限公司热电分公司,914128147072088XC
1598.0,河南,东方希望（三门峡）电业有限公司,91411200753877093M
1599.0,河南,三门峡义翔铝业有限公司,91411200571292995J
1600.0,河南,华能沁池热电有限责任公司,914112123995927054
1601.0,河南,义马环保电力有限公司,914112816668283A
1602.0,河南,三门峡皇实业有限公司,914112007068291G
1603.0,河南,开发（坡头）能源综合利用有限公司,91411200968111096N
1604.0,河南,河南开祥精细化工有限公司,9141120076335593I
1605.0,河南,河南南召罗马港有限公司,914133200764686259F
1606.0,河南,南阳宏瑞热力有限公司,91411300780562168T
1607.0,河南,信阳环瑞热力有限公司,91410700757885176C
1608.0,河南,淮电长阳热电有限责任公司,9141132567155807W
1609.0,河南,河南中测热力股份有限公司,9141000076681290G
1610.0,河南,河南仙鹤特种浆纸有限公司,914113257919074250
1611.0,河南,桐柏海晶碱业有限责任公司,91411304749227223A
1612.0,河南,国电民权发电有限公司,9141142716174528W
1613.0,河南,中电(商丘)热电有限公司,914114006996385U
1614.0,河南,河南神火发电有限公,914114006871059R
1615.0,河南,商丘裕东发电有限责任公司,9141400175034131P
1616.0,河南,河南龙宇煤化工有限公司,91410000768766352
1617.0,河南,大唐信阳发电有限责任公司,91411500794272250X
1618.0,河南,大唐信阳华豫发电有限责任公司,91411500270220687J
1619.0,河南,驻马店市白云纸业有限公司,914100007178611668
1620.0,河南,华能河南中原燃气发电有限公司,91411700719101483L
1621.0,河南,中国平煤神马集团尼龙化工股份有限公司遂平化工厂,91411700753876285Q
1622.0,河南,国电驻马店热电有限公司,91411728160311423
1623.0,河南,国电豫源发电有限责任公司,91411700671691439X
1624.0,河南,华能沁北发电有限责任公司,91419001750738530W
1625.0,河南,河南豫光合作有限公司,91419001735514918K
1626.0,河南,国电鲤鱼山电有限公司,91419001753877389H
1627.0,河南,河南阳城发电有限责任公司,91419001755193656H
1628.0,河南,周口龙源发电有限公司,914290003305051K
1629.0,河南,湖北华电襄阳发电有限公司,91431600730982120F
1630.0,湖北,国电长源第一发电有限责任公司,91420000788174929Y
1631.0,湖北,国电青山热电有限公司,91420000717605611M
1632.0,湖北,华能武汉发电有限责任公司,9142000077072103A
1633.0,湖北,武汉博纬电力发展有限公司,9142000033024252XX
1634.0,湖北,国电长源汉川第一发电有限公司,91421001646282TH
1635.0,湖北,国电汉川发电有限公司,9142000070969087B
1636.0,湖北,湖北紫露集团鄂州发电有限公司,91420984679466014D
1637.0,湖北,湖北西塞山发电有限公司,91420005758911646D
1638.0,湖北,华润电力湖北有限公司,9141000722014605E
1639.0,湖北,湖北华电随州发电有限责任公司,91420000714630630X
1640.0,湖北,黄冈华电随州发电有限责任公司,9142000057505065K
1641.0,湖北,黄石分山发电有限责任公司,91421000575073220P
1642.0,湖北,黄石西塞山发电有限责任公司,91420991514920911X
1643.0,湖北,国电湖北襄阳发电有限责任公司,91420011201250X
1644.0,湖北,湖北应城热电有限责任公司,9140984559904235
1645.0,湖北,汉川市硫湘电厂有限责任公司,91421000450561876A
1646.0,湖北,华电湖北发电有限责任公司黄石热电分公司,91421214714630662G
1647.0,湖北,蕲春县嘉施电气有限责任公司,
1648.0,湖北,襄阳安能热电有限公司,9142060078457665F
1649.0,湖北,东风（襄阳）能源环保有限公司,914206006703974663
1650.0,湖北,中国石化集团资产经营管理有限公司昆仑分公司,9142058389768472R
1651.0,湖北,宜昌北化中洋热电有限公司,9142050061557086X6
1652.0,湖北,国电长源荆州热电有限公司,91420100662253854J
1653.0,湖北,中国石化集团资产经营管理有限公司荆门公司,914208006662261779J
1654.0,湖北,国电长源荆门发电有限责任公司,9142080706665777J
1655.0,湖北,华能荆门热电有限公司,914208025854508747
1656.0,湖北,京能秦风（十堰）能源发展有限公司,91420303MA495UEHX9
1657.0,湖北,华润电力（宜昌）有限公司,914205007569765644
1658.0,湖北,宜昌清江水力发电有限公司,91420581795916302D
1659.0,湖北,武汉汉口绿地能源有限公司,914201169243585283
1660.0,湖北,中韩（武汉）石油化工有限公司,91420100772291907
1661.0,湖北,武汉金凤纺织实业有限公司,91420100889911758U
1662.0,湖北,湖北三宁化工股份有限公司,9142050018260666H
1663.0,湖北,湖北光万隆硅材料有限公司,91420500673096106J
1664.0,湖北,湖北北川水化工有限公司,91420583662257710U
1665.0,湖北,金红叶纸（湖北）有限公司,914209009651301184
1666.0,湖北,博格瑞孚新材料有限公司,914200073261373P
1667.0,湖北,湖北金新辉材料科技有限公司,91420600331780822
1668.0,湖北,襄阳龙蟹农业有限公司,91420624573722465L
1669.0,湖北,赤壁厚珍现代农业有限公司,91421200720339355
1670.0,湖北,潜江市正泰华盛电缆有限公司,9142900506805621
1671.0,湖北,安道澳门股份有限公司,9142000076962287Q
1672.0,湖北,楚隆新材料集团股份有限公司,9142000076216146R
1673.0,湖北,湖北省资源业科技投资有限公司,9142010073519634XF
1674.0,河北,金凤纸业（孝感）有限公司,914290023317287255
1675.0,湖北,武汉华电股份有限公司,91422001035007200E
1676.0,湖北,大唐华银电力股份有限公司栗神分公司,914308131541668708P
1677.0,湖北,韶能集团冶力发实业有限公司栗杨发电厂,9143081597589996B
1678.0,湖南,湖南省电力有限公司,9143100158013896G
1679.0,湖南,湖南省湘能生化有限责任公司,91430007744673179
1680.0,湖南,湖南省邵阳县化工有限责任公司,91430400767598526G
1681.0,湖南,湖南金科科技集团股份有限公司,9143070067020280
1682.0,湖南,建湘集团（阳江）实业有限公司,9143081737484502P
1683.0,湖南,湖南省自力电力有限公司,91437008768009686A
1684.0,湖南,湖南省电普常德有限公司,91430706752063306T
1685.0,湖南,长安石门发电有限公司,9143072672789359X5
1686.0,湖南,湖南省湘潭昆仑有限责任公司,914307811902492328
1687.0,湖南,广药三药生物科技股份有限公司常德分公司,91430781MA4L2677XL
1688.0,湖南,常德中联环保电力有限公司,9143070079238075X
1689.0,湖南,湖南南雅电工有限公司,914307237279564495
1690.0,湖南,华润电力浏阳有限公司,914310007178615539
1691.0,湖南,湖南省电力勘测设计公司,91431000743163222U
1692.0,湖南,资兴辉日开发电有限公司,91431081744582931
1693.0,湖南,湖南湘维股份有限公司,91431221849180233N
1694.0,湖南,大唐华银电力股份有限公司金竹山火力发电分公司,914318763251190H
1695.0,湖南,华润电力（浏源）有限公司,914318268685947253
1696.0,湖南,国电湖南宝庆煤电有限公司,9143500077000667Y
1697.0,湖南,张家界市永馨综合利用发电有限公司,914308227656717072
1698.0,湖南,大唐华银依能能源有限公司,9143202356933553J
1699.0,湖南,大唐华银株洲发电有限公司,9143021118537538T
1700.0,湖南,湖南华电长沙发电有限公司,914300007558032XT
1701.0,湖南,长沙宇力热电有限公司,9143014266851757F
1702.0,湖南,湖南阳空李电力有限公司,9143018167087849J
1703.0,湖南,中国石化集团资产经营管理有限公司巴陵石化分公司,91430600616991463
1704.0,湖南,岳阳新辉石化有限公司,9143000167540029L
1705.0,湖南,华能湖南岳阳电厂分公司,91430600616650239M
1706.0,湖南,中国石油化工股份有限公司长岭分公司,914306007170523427
1707.0,湖南,岳阳新辉股份有限公司白沙分公司,91430607258277126
1708.0,湖南,大唐湘潭发电有限公司,91430308147346497
1709.0,湖南,湖南昆仑燃气集团有限公司,91430308147136379
1710.0,湖南,中国长安湖南区域公司,914390087100928997
1711.0,广东,广东粤华发电有限责任公司,91440001Y0302848F
1712.0,广东,广州京力电力有限公司,9144101618459825B
1713.0,广东,广州昊旺电力有限公司,9144101618341485B
1714.0,广东,广州珠江天然气发电有限公司,9144101735996608B
1715.0,广东,广州大力热长电力有限公司,914410161782933D8
1716.0,广东,广州卧里金业奥电股份有限公司,9144101617376129J
1717.0,广东,广州稳潮热电有限公司,9144101423769123J
1718.0,广东,广州电中南新电力实业有限公司,914510836698957B
1719.0,广东,广州驰鹰楚燃气发电有限公司,91441018736217129
1720.0,广东,广州发展燃气外贸托管投资控股有限公司,91430006B31817106
1721.0,广东,深圳鸿鹏电力有限公司,91443008818766476
1722.0,广东,深圳能源集团东部广...,914403007674313R
1723.0,广东,深圳市前电力有限公司,9144030078426330Q
1724.0,广东,深圳南天电力有限公司,9144030618837101D
1725.0,广东,深圳南山热电股份有限公司,914403068185121H
1726.0,广东,中海油深圳电力有限公司,9144030681894683I
1727.0,广东,深圳能源电力有限公司,9144030618874658X
1728.0,广东,深圳东部电厂有限公司,9144030618821660R
1729.0,广东,珠海经济特区广澳发电有限公司,91444001925855750
1730.0,广东,中海油珠海天然气发电有限公司,9144400584728352D
1731.0,广东,珠海振能湾电力有限公司,914440061748966X6
1732.0,广东,广东珠海金湾发电有限公司,914440071785911N
1733.0,广东,中电投珠海横琴热电有限公司,91440067156996XU
1734.0,广东,华能集团电股份有限公司珠海电厂,914405068860143E
1735.0,广东,华能国际电力股份有限公司汕头电厂,9144050700821133
1736.0,广东,汕头经济特区万泽热电有限公司,9144050618339192Q
1737.0,广东,佛山恒益发电有限公司,9144060617623919D
1738.0,广东,佛山市福能发电有限公司,91440600536647339
1739.0,广东,佛山市顺德韶沙热电有限公司,914406077996657XQ
1740.0,广东,南海发电一厂有限公司,91440605617645589T
1741.0,广东,南海长海发电有限公司,914406056176463544
1742.0,广东,佛山市前景铁发电有限公司,91440605792399483H
1743.0,广东,广东韶关粤江电有限公司,914405072522080F
1744.0,广东,仁化县坪煤煤矸石电力有限公司,91440224M4MJ6DX09
1745.0,广东,番禺南沙开发电厂（B厂）,9144026817451696B
1746.0,广东,韶关市粤华电力有限公司,914402006217943XF
1747.0,广东,湛江电力有限公司,91440800232100923G
1748.0,广东,湛江粤电廉江公司,91440800743673301
1749.0,广东,遂溪县城电力有限公司,9144082378451777J
1750.0,广东,国电粤二电有限公司,914412006824829669
1751.0,广东,新会双水火电（B厂）有限公司,91440706691704098E
1752.0,广东,新会粤新热电联供应有限公司,9144070617699010X
1753.0,广东,广东国华粤电白沙厂有限公司,91440781772840297A
1754.0,广东,茂名煤能热电有限公司,914409404941425855
1755.0,广东,中国石化集团茂名石油化工有限责任公司,91440901949201042C
1756.0,广东,广场州赛顿发电有限公司,91441323971127462K
1757.0,广东,广州电赛顿发电有限公司,91441323971127462K
1758.0,广东,惠州赛顿深电力有限公司,914413005582185X6
1759.0,广东,中国神华港发电有限公司华煤年热电有限公司,91441300669838702N
1760.0,广东,广东紫蒙电力厂有限公司,91441400862152707E
1761.0,广东,广东紫蒙电力地产有限公司,91441422061450240Y
1762.0,广东,红海湾发电有限公司,9141500760618188Q
1763.0,广东,华润电力（海丰）有限公司,914155076412818X
1764.0,广东,深能合和电力（河源）有限公司,9141600778809225
1765.0,广东,阳西沙扒电力发展有限公司,9141717583214578
1766.0,广东,东莞发电厂,914190061815079G
1767.0,广东,东莞新奥燃料电力有限公司,914191095756456X
1768.0,广东,东莞期电力有限公司,91419007606147237
1769.0,广东,广东电力发展股份有限公司沙角A电厂,9141900731486219H
1770.0,广东,广东广合电力有限公司,9140000617402632L
1771.0,广东,深圳市（东莞）唯美电力有限公司,9141900677334137B
1772.0,广东,深圳市广深金钟电力有限公司,914030071522581X0
1773.0,广东,东莞市三联热电有限公司,91419100910805736X
1774.0,广东,东莞中电新能源热电有限公司,9141500759325194
1775.0,广东,东莞中电第一热电有限公司,91419000198678567XN
1776.0,广东,深圳市（中山）电力有限公司,914420007564567614
1777.0,广东,中山期电力有限公司,91424000671523984D
1778.0,广东,中山市永安电力有限公司,91442000756458310K
1779.0,广东,中山粤能海航有限公司,91442000617986526G
1780.0,广东,广东大鹏国际码头有限公司,914451007568534-2
1781.0,广东,广东粤清发电有限公司,914145247730022X
1782.0,广东,东莞粤波电力有限公司,914530061785105832
1783.0,广东,东莞电气河变电有限公司,9145300694759440G
1784.0,广东,云浮发电厂（B厂）有限公司,91453007418619292
1785.0,广东,广州市城联股份有限公司,91401017638728XY
1786.0,广东,广州市煤价供应有限公司,91401156378788668G
1787.0,广东,互太(番禺)纺织有限公司,9141501521780251X12
1788.0,广东,广州城威集团有限公司,914011178894150pR
1789.0,广东,佛山南纺科技有限公司,91414007436594208
1790.0,广东,佛山纺机集团有限公司,914640629998853
1791.0,广东,广东惠龙维生物科技股份有限公司,914201001592767519
1792.0,广东,东莞热电纺织材料有限公司,9140929516276513
1793.0,广东,东莞期鹏纺织有限公司,9140016776939353
1794.0,广东,民森（中山）纺织股份有限公司,914000071396887
1795.0,广西,中山市承旋纺织有限公司,9140020770145796
1796.0,广西,国电南宁安电有限公司,914510017689207373
1797.0,广西,华电方家岭新能源有限公司,9145100754529525R
1798.0,广西,柳城县糖糖集团有限公司来宾分公司,914502759225293
1799.0,广西,广西水资源有限责任公司,914502762972664772
1800.0,广西,广西永凯大桥化纤有限责任公司,914501266801275659
1801.0,广西,神华国华(广投柳州)发电有限责任公司,914502237908286611
1802.0,广西,安徽海螺(柳州)有限公司,91450222854320701D
1803.0,广西,柳州博润鲜纸业有限公司,91450200690223200R
1804.0,广西,田电燃气股份有限公司,914503262000022283
1805.0,广西,华能桂林燃气分布式能源有限责任公司,914503232226434048
1806.0,广西,广西投资集团北海发电有限公司,91450500735163767U
1807.0,广西,广西防城港核电有限公司,914505006540236665
1808.0,广西,斯道拉恩索(广西)浆纸有限公司,91450500009070025M
1809.0,广西,广西中粮生物质能源有限公司,914505007852075619
1810.0,广西,中电广西防城港电力有限公司,91450600763079159F
1811.0,广西,防城港溪源煤气有限公司,9145060375307182J
1812.0,广西,广西建业集团玻璃制品有限公司,914506035522501047
1813.0,广西,广西建业集团圣製制品有限公司,914506213773602495X
1814.0,广西,田坡饮水电有限公司,9145070056563407N
1815.0,广西,广西桂建集团有限公司,9145070075121492XR
1816.0,广西,中国华能集团贵港发电有限公司,91450800753472391M
1817.0,广西,广西盛隆冶金工业有限公司,914508817759269425
1818.0,广西,广西粤丰工业有限公司,9145080098227509B
1819.0,广西,百色市广西发电有限公司,9145102090719587L
1820.0,广西,广西百信燃气发电有限公司,914512107630711061
1821.0,广西,百色百华发电有限公司百色电厂,914512022M5436NW46
1822.0,广西,清华中核电科技有限公司,9145127579965876
1823.0,广西,中国铁投股份有限公司分公司,91451203737615325Q
1824.0,广西,广西银建硫磺有限公司,91451204759788489E
1825.0,广西,田阳附米纤维有限公司,9145121747984757L
1826.0,广西,广西中振钢化工有限责任公司,9145102266482968XX
1827.0,广西,广西南宁发电有限公司,914512057968317739
1828.0,广西,华润电力(贺州)有限公司,9145110066979615A
1829.0,广西,广西防城港环保有限公司,9145120066720800B
1830.0,广西,广西双龙生物科技有限公司,9145120874708102G
1831.0,广西,广西广投资集团水务公司求实电厂,914513001998281260
1832.0,广西,广西投资集团水电发展有限公司,914513004368061566
1833.0,广西,广西大唐桂东发电有限公司,914513223757307233
1834.0,广西,广西联旺科创投资有限公司,914513218240007U
1835.0,广西,广西主播集团农业发展有限责任公司,9143031987432
1836.0,广西,广西来窑煤化有限公司,9145130952375343XJ
1837.0,广西,,9145130079123070K
1838.0,广西,广西飞田锌矿有限责任公司,9145132219980478U
1839.0,广西,龙州华银矿业有限公司,914512436801433QJ
1840.0,广西,广西华磊新材料有限公司,91451000MA5KLXC2Q
1841.0,海南,华能海南发电股份有限公司海口电厂,91469027793114699X
1842.0,海南,华能海南发电股份有限公司海口电厂,9146020047788350L
1843.0,海南,华能海南发电股份有限公司东方电厂,91469007681167569G
1844.0,海南,中海海南发电有限公司,9146300721281869A
1845.0,海南,国电东方发电有限公司,91469033599403802
1846.0,海南,海南鑫能发电有限公司文昌分公司,9146900M5AT9BM1M52
1847.0,海南,海南金海浆纸业有限公司,9146300620050666G
1848.0,海南,攀钢集团重庆钛业有限公司,91500000261901522N
1849.0,重庆,东方希望重庆水泥有限公司,91500230688919962K
1850.0,重庆,华电国际电力股份有限公司重庆发电厂,91500230659888313N
1851.0,重庆,重庆华峰化工有限公司,9150010255675135M
1852.0,重庆,重庆中机龙桥热电有限公司,91510012858003295U
1853.0,重庆,重庆市涪陵区开县能源建设开发有限责任公司,91510026685090987
1854.0,重庆,国家电投集团重庆合川发电有限公司,9150117753065976T
1855.0,重庆,重庆三川化工业有限公司,91500117203643380M
1856.0,重庆,华能重庆珞璜发电有限责任公司,91500000268506323M
1857.0,重庆,玖龙纸业（重庆）有限公司,91500009758882415
1858.0,重庆,国家电投集团重庆白鹤电力有限公司,91500234621193896D
1859.0,重庆,华能国际重庆燃机发电有限责任公司,916500086253273F
1860.0,重庆,重庆南川川仪先锋氧化铝有限公司,9150011974289153G
1861.0,重庆,重庆南川川仪水红氧化铝有限公司,91500119M5AX56B99
1862.0,重庆,重庆港能电铝有限公司,9150022268154373M1
1863.0,重庆,重庆玖能电力有限公司,91500222750072900W
1864.0,重庆,重庆市建筑砼发电有限责任公司,91500226753083937R
1865.0,重庆,重庆大足卧龙石柱发电有限责任公司,9150010281239230K
1866.0,重庆,双钱集团（重庆）轮胎有限公司,9165000663566178C
1867.0,重庆,国电重庆恒泰发发电有限公司,9150010743539308A
1868.0,重庆,神华电荷电力有限责任公司重庆分公司,915501122006785463
1869.0,重庆,重庆鑫格化股份有限公司,9150011724898843
1870.0,重庆,重庆理文造纸有限公司,915000874874136D
1871.0,重庆,重庆蓝煤发电有限公司,91500135206930C4K
1872.0,重庆,重庆云田化有限公司,9150023568720510U
1873.0,重庆,欧美雅化学碳能（重庆）有限责任公司,9155000765839498
1874.0,重庆,中国石化集团重庆川维化工有限责任公司,91500000250370896
1875.0,重庆,重庆优恩丹方投资有限责任公司,9150011557899743D
1876.0,重庆,重庆千信能源环保有限公司,91500115866240930X
1877.0,重庆,重庆天泰实业有限公司,9150022674751379L
1878.0,重庆,重庆市潼威石化有限责任公司,915001027935120807
1879.0,四川,国电都江堂发电有限公司,915101217826600107
1880.0,四川,威立雅三瓦窑热电（成都）有限公司,91510100564689682H
1881.0,四川,四川熠鑫新能源有限公司,91510132709268194R
1882.0,四川,中国石油四川石化有限责任公司,91510182663041209P
1883.0,四川,四川大西南管道有限公司,91510000743868920Y
1884.0,四川,攀钢集团有限公司,91510400243513393
1885.0,四川,四川川渝川南发电有限责任公司,91510500767285734Q
1886.0,四川,德阳绵竹蒂森克虏伯有限公司,91510500204734487D
1887.0,四川,四川万友佳化工责任有限公司,91510500797871208N
1888.0,四川,四川金田纸业有限公司,91510522582157445T
1889.0,四川,四川华伊纸业集团有限公司,91510681374876810M
1890.0,四川,龙伞陶业有限责任公司,91510000752551331H
1891.0,四川,神华四川能源有限公司江油热电厂,91510717279546807
1892.0,四川,四川巴蜀江油燃煤发电有限公司,91510714977468181X
1893.0,四川,四川平龙生活用品有限公司,91510700709183502Q
1894.0,四川,四川广旺能源发展（集团）有限责任公司电力分公司,9151081295053048D
1895.0,四川,四川大英金装化有限公司,91510809230630789H
1896.0,四川,迷宇金红叶纸业有限责任公司,91510900052161949R
1897.0,四川,华电四川巴中电有限公司江可安电厂,915106000667448509B
1898.0,四川,四川白马彝族自治电站有限责任公司,91510700714425908R
1899.0,四川,玖龙纸业（东山）有限公司,915111237828215397
1900.0,四川,乐山和邦科技公司,9151112058331899R
1901.0,四川,乐山市迅超梓园纸业有限责任公司,91511127429821171L
1902.0,四川,四川邦科生物科技发展有限公司,9151100744093656L
1903.0,四川,四川星河星河环保服务有限责任公司,915111237092307639
1904.0,四川,四川稀土催化剂股份有限公司,915111022659604941
1905.0,四川,绵竹方明热电有限责任公司,91511129000576064X
1906.0,四川,四川省绵竹热化有限公司,9151110622915983
1907.0,四川,方正中天黄纸有限公司,91511104292361562A
1908.0,四川,绵竹金三联化有限公司有限责任公司,91511128193757623
1909.0,四川,龙相勋冶备有限公司,91511146997153124
1910.0,四川,中机集团（南充）热电有限公司,915111249691059777
1911.0,四川,四川华电主席发电有限公司,9151130089899273N
1912.0,四川,四川中电能源电子开发有限公司,9151020XXXX0068261067Y
1913.0,四川,四川普什集团纸业有限责任公司,915101606069953613K
,,,915111006665630785
1914.0,四川,四川省宜宾美樱业有限责任公司,9151150072979929L
1915.0,四川,宜宾手利纸有限公司,91511523874279819F
1916.0,四川,宜宾纸业股份有限公司,91511500208509874
1917.0,四川,四川广安发电有限责任公司,91511603289652433J
1918.0,四川,四川华盛山丘能源集团同方电力有限责任公司,91511618171545550
1919.0,四川,国电达州发电有限公司,91511702739387465F
1920.0,四川,国电美姑四川华蓥发电有限公司,91511725767263391Y
1921.0,四川,四川川煤攀枝花发电有限责任公司,9151170085488188H
1922.0,四川,青神华力炉糟热电有限责任公司,9151140062766267A
1923.0,四川,升炜万平纸业有限公司,91511142M462AJ00K8
1924.0,四川,四川启发新材料有限公司,91511425567128714
1925.0,四川,成都世纪新能源有限公司,91510100765376288Y
1926.0,四川,四川能投攀西分布式能源有限公司,915101143992417704
1927.0,四川,四川自贡鸿华富有限公司,9151032MA662042HX
1928.0,四川,四川江竹煤电（集团）有限责任公司遵市选煤发电厂,915117009101519169
1929.0,四川,四川江竹煤电（集团）有限责任公司石板选煤发电厂,91520112871058410
1930.0,贵州,贵州开林工贸有限公司,91520121797875128L
1931.0,贵州,贵州华电播州发电有限公司,91520181662990824J
1932.0,贵州,贵州广钢铝业有限公司,91520184B6118MA6DJJW
1933.0,贵州,贵州广天化纸业股份有限公司,91520181038985250F
1934.0,贵州,贵州黔源发电有限责任公司,91520005701989098P
1935.0,贵州,贵州华电晴隆发电有限公司,9152032170563653
1936.0,贵州,贵州省水林森态新开发有限责任公司,9152030785458395G
1937.0,贵州,贵州省黔电力量股份有限公司习水发电厂,91520303671573845
1938.0,贵州,遵义黔北股份有限公司,91520303371413541W
1939.0,贵州,大唐贵州毕节发电有限公司,91500022M1481053A
1940.0,贵州,贵州粤电易发有限责任公司,91520007753371439
1941.0,贵州,贵州盘江电投发电有限责任公司,91520222M7571844F
1942.0,贵州,国投盘江发电有限公司,91520006222114515
1943.0,贵州,华润电力兴县有限公司,91520006839672600
1944.0,贵州,贵州西电大股电股份有限公司发电厂,91520006201565228D
1945.0,贵州,国投盘江煤炭股份有限公司永磷研究发电厂,91520007988369922X
1946.0,贵州,贵州中广发电有限公司,91520002M1565228J
1947.0,贵州,国电笑黎发电有限公司,9152030622188542C
1948.0,贵州,国电笑黎二发电有限公司,9152011877260936
1949.0,贵州,贵州华电持热电有限责任公司,9152031358606795C
1950.0,贵州,贵州升永发电有限公司,9152032785615516Y
1951.0,贵州,贵州西电力发电有限责任公司发电一发电厂,9152032085791629J
,,,91520527753458253S
1952.0,贵州,贵州金元茶园发电有限责任公司,915205230519610199
1953.0,贵州,国家电投集团贵州金元股份有限公司纳雍发电总厂,9152052714392122J
1954.0,贵州,国能织金发电有限公司,915205246810632320
1955.0,贵州,福能（贵州）发电有限公司,915200006707414227
1956.0,贵州,贵州乌江水电开发有限责任公司大龙分公司,91520600MA6HC66F0R
1957.0,贵州,贵州黔东电力有限公司,91522600766088157E
1958.0,贵州,贵州班班里煤业有限公司,915226016692733327E
1959.0,贵州,贵州天福山土石方工程有限公司,91520000775324460C
1960.0,贵州,国电都匀龙岩发电有限公司,91522702666897243D
1961.0,贵州,贵州化化工有限公司,91522300770575708B
1962.0,贵州,兴义上寨发电有限公司,915223010550296606
1963.0,贵州,贵州兴义电力发展有限公司,915223007660828555
1964.0,云南,国电南涧发电有限公司,9153000126875172N
1965.0,云南,云南华电昆明发电有限公司,91530181753757189W
1966.0,云南,昆明三峰再生能源发电有限公司,91534001555125392A
1967.0,云南,云南绿能旅游有限公司,91530112763068352X
1968.0,云南,昆明美洋洋环境资源产业有限公司,9153010077155389E
1969.0,云南,昆明中天保电力有限公司,915301007550209X2
1970.0,云南,云南明珠建设有限公司,91530129155981550P
1971.0,云南,云南华电化工有限公司,91530129696562776K
1972.0,云南,云南省盐业有限公司,91530000MA6K894A0N
1973.0,云南,中化乍龙有限公司,91530129763882136J
1974.0,云南,昆明神农江化化有限公司,91530125168808274
1975.0,云南,云南华电镇雄发电有限公司,915306277539220273
1976.0,云南,云南惠城能源有限公司,91530629778591690X
1977.0,云南,国电宣威发电有限责任公司,9153038173806205Y
1978.0,云南,华能云南威东能源有限责任公司,91530325748281375K
1979.0,云南,东源神鹰能源有限公司,9153025735531271P
1980.0,云南,云南漳东能源有限公司,91530325774016173N
1981.0,云南,云南滇能电供热电有限公司,91530300622754373X
1982.0,云南,云南立威电力有限责任公司,9153038271539587Y
1983.0,云南,云南为力创有限公司,9153032878156806J
1984.0,云南,云南变大光线有限公司,9153027375177362T
1985.0,云南,云南笑得溢然有限公司,91530302719818142D
1986.0,云南,云南平紫翅煤炭有限责任公司,91535252375664639J
1987.0,云南,云南华电息召电有限公司,9153092772920483
1988.0,云南,云南大理区域安广大清介有限责任公司,9153062007448425P
1989.0,云南,国电平远发电有限公司,9153260076446160M
,,云南文山铝业有限公司,
1990.0,云南,云南云景林纸股份有限公司,91530000731251865H
1991.0,云南,临沧鑫锋纸业有限公司,9153900079284203N
1992.0,陕西,大唐陕西发电有限公司西安热电厂,916100007552286877
1993.0,陕西,榆能榆林热电有限公司,91610800061099063N
1994.0,陕西,神华神东电力有限责任公司郭家湾电厂,916108262878560162
1995.0,陕西,陕西能源石泉发电有限公司,91610823MA7030WJ5A
1996.0,陕西,陕西燃气集团新能源有限公司,916100007768866696
1997.0,陕西,陕西蒲城川能源股份有限公司,916100005076766765J
1998.0,陕西,陕西华电发电有限责任公司,916100006611943326
1999.0,陕西,陕西电力燃料发电有限责任公司,9161000094207807W
2000.0,陕西,大唐陕西发电有限公司延安热电厂,916100062235010050
2001.0,陕西,陕西华电榆横煤电有限责任公司榆横发电厂,91610823061905049H
2002.0,陕西,陕西延长石油榆林热力有限责任公司榆横发电厂,91610008615878706
2003.0,陕西,陕西电力燃料有限责任公司,916110047212181XU
2004.0,陕西,大唐陕西发电有限公司渭河热电厂,91611103221704693H
2005.0,陕西,大唐新能源一发电有限责任公司,91610000942206607T
2006.0,陕西,国电安戈控股发电有限责任公司,9161032593688936G
2007.0,陕西,大唐彬长发电有限责任公司,9161000067154907XN
2008.0,陕西,陕西燃气集团陕西西南热电有限公司,9161052876401868W
2009.0,陕西,中煤陕西电能循环发电有限公司,916109353521883122
2010.0,陕西,陕西能源股份有限公司,916101257228775685
2011.0,陕西,陕西华电蒲城发电有限责任公司,916104275622461233
2012.0,陕西,陕西金奥产业投资有限公司,9161020056713969Y
2013.0,陕西,大唐陕西发电有限责任公司,916107277867256458
2014.0,陕西,陕西闵福发电有限公司,9161000075327653R
2015.0,陕西,陕西榆能集团循环园区燃气热电有限责任公司,91610823MA7030E21X
2016.0,陕西,陕西电力燃料热电有限责任公司,916104306773960031
2017.0,陕西,陕西耐火发电有限责任公司,91610000623477685
2018.0,陕西,陕西泰霖环境工程有限公司,916100007552281217
2019.0,陕西,陕西延长石油榆林煤炭有限公司,916108000961727808
2020.0,陕西,府谷县具有化焦化有限责任公司,916108000961980003
2021.0,陕西,陕西新元洗煤有限责任公司,916108257130494889
2022.0,陕西,陕西省延安界蓝股份有限公司,9161082575542796C
2023.0,陕西,陕西恒邦电能股份有限责任公司,9161090057769145Q
2024.0,陕西,神华神东电力有限责任公司店塔电厂,91610829281390879F
2025.0,陕西,国家能源集团陕西神东电力有限责任公司,916108262878560162
2026.0,陕西,陕西延长石油集团榆林热电有限责任公司,91610006673548921D
2027.0,陕西,大唐陕西发电有限公司蒲城热电厂,916100066611296477
,,大唐哼鸡发电厂,91610306771549918G
2028.0,陕西,陕西宝鸡第二发电有限责任公司,91610000220592468B
2029.0,陕西,华能陕西发电有限责任公司,91610000709774718A
2030.0,陕西,华能铜川照金煤电有限公司,916100007698740X
2031.0,陕西,陕西林化学工业有限公司,91610000784646493C
2032.0,陕西,陕西西宁市新能源有限公司,9161042867153369W
2033.0,陕西,陕西北元化工集团股份有限公司,91610821748622598U
2034.0,陕西,陕西有色榆林新材料有限责任公司,916100005593700612
2035.0,陕西,陕西延长中煤榆能榆北化工有限公司,91610829476115547J
2036.0,陕西,陕西煤业化工集团神木电化发展有限公司,91610821562219223W
2037.0,陕西,神华神东电力有限责任公司李柳煤热电厂,91610000710921946H
2038.0,陕西,陕西晋煤集团北元电有限公司,91610000755275483B
2039.0,陕西,陕西陕北氢能有限公司,916100005521962839
2040.0,榆林,榆林经济开发区汇通热电有限公司,9161082375521499B
2041.0,榆林,榆能集团佳县盐化有限公司,91610882575818568
2042.0,陕西,陕西省府谷县东鑫龙电厂,91610822220401784B
2043.0,陕西,陕西能源榆北龙岗电厂,91610329M4K92141L
2044.0,陕西,神木林化有限公司,916108027197060510D
2045.0,陕西,扶风县祥盛动力有限公司,916103246911322713
2046.0,陕西,陕西延安耀州益风煤电有限公司电力分公司,916105010762554500
2047.0,陕西,陕西青川元兴电力有限公司,91610002941940497
2048.0,陕西,陕西凤县煤矿自沁业有限责任公司热电分厂,916105000A6Y6W2U75
2049.0,陕西,陕西耀煤南塬神木发电厂,91610000755387683
2050.0,甘肃,府谷县金利源综合利用发电有限责任公司,916108227304364553
2051.0,甘肃,府谷县演集镇附近华发电有限责任公司,91610822779344049
2052.0,甘肃,神木市龙祥广发电有限责任公司,91610821766636834R
2053.0,甘肃,宝鸡丰丰丰丰丰丰丰丰丰丰丰丰丰丰丰丰丰丰丰丰丰丰丰丰丰丰丰丰丰丰,91610307E63041346
2054.0,甘肃,陕西西塔煤化股份有限公司,916108230765025923
2055.0,甘肃,陕西光业煤矿有限公司电力分公司,9161000055271689E
2056.0,甘肃,大唐甘肃发电有限公司嘉琴发电厂,916103624738692421
2057.0,甘肃,大唐甘肃发电有限公司西固热电厂,916200006562218XY
2058.0,甘肃,国家能源甘肃黄化发电有限公司兰州化热电分厂,9161021046390668H
2059.0,甘肃,甘肃斯文电力发展有限公司,916103609633900510
2060.0,甘肃,甘肃国家能源甘肃兰州热电有限责任公司兰州甘肃热电厂,916102302167959120B
2061.0,甘肃,国家能源甘肃黄化发电有限公司兰州甘肃化热电分厂,916200000936455830
2062.0,甘肃,国家能源兰州热电有限责任公司,91620501075886800S
2063.0,甘肃,国家电投广源热电有限公司,9162010MA7282C8M
2064.0,甘肃,,9162000124439397C
2065.0,甘肃,,916209050645151619
,,,91620000710375413Q
2066.0,甘肃,中电建甘肃新能源秦安电有限公司,9162082366002119XP
2067.0,甘肃,中电建甘肃新能源华亭电有限公司,916208247509407125
2068.0,甘肃,华能平凉发电有限责任公司,91620000224369878C
2069.0,甘肃,靖煤集团白银热电有限公司,91620400051357506G
2070.0,甘肃,韩城第二发电有限公司,9162000624127476W
2071.0,甘肃,嘉峪关宏晟热电有限责任公司,916200207396467073
2072.0,甘肃,金川集团热电有限公司,9162300MA7394RY2F
2073.0,甘肃,兰州铝业有限公司,916201003611474X0
2074.0,甘肃,甘肃省纤纺烘干热电有限责任公司,9162011172072207M
2075.0,青海,青海华电大通发电有限公司,91630121710545857L
2076.0,青海,青海宁北发电有限责任公司,91630000710558797X
2077.0,青海,华能宁中宁电有限责任公司,91630225649146803F
2078.0,青海,青海宁北发电有限责任公司湟川分公司,91630006601906096D
2079.0,青海,青海瑞丰实业开发有限责任公司西宁发电分公司,916330300059141270T
2080.0,青海,青海发投燃气有限公司,916328000916156563H
2081.0,青海,中盐青海昆仑碱业有限公司,91630006691381515
2082.0,青海,青海盐业股份有限公司,91630000226953742J
2083.0,青海,青海天鹅碳机有限公司,916328246985102023R
2084.0,青海,青海恒顺电缆制造有限公司,91630066171356823J
2085.0,青海,青海恒通燃气科技有限公司,91632800291606480Q
2086.0,青海,青海化化工有限责任公司,91630121679175017Q
2087.0,宁夏,宁夏启东元光发电有限公司,916400007150706192
2088.0,宁夏,宁夏电投望华热电有限公司,916400078225976K
2089.0,宁夏,中铝宁夏能源集团有限公司,916400007508050517
2090.0,宁夏,宁夏中电建新能源有限公司,916400007508510286
2091.0,宁夏,国家能源集团宁夏煤业有限责任公司王洼热电分公司,91640000735792297P
2092.0,宁夏,华电宁夏灵武发电有限公司,916400007749865917
2093.0,宁夏,宁夏图华宁发电有限公司,91640000744986X9T
2094.0,宁夏,神华国华宁发电有限责任公司,91641200M475X8J1Y
2095.0,宁夏,国家电投集团宁夏能源铝业有限公司临河发电分公司,91641200309977417G
2096.0,宁夏,宁夏电投吴忠热电有限公司,91640118M137728114
2097.0,宁夏,中宣化铝热电有限责任公司,91640000694331006L
2098.0,宁夏,宁夏泰升化学工业股份有限公司,916412012255416562
2099.0,宁夏,国电宁煤第三发电有限公司,9164000780822391R
2100.0,宁夏,国电宁夏石嘴山电有限责任公司,916400007106207087
2101.0,宁夏,国电大武口电厂有限公司,91640220104268963J
2102.0,宁夏,宁夏天津化工股份有限公司,9162000067726032L
2103.0,宁夏,宁夏瑞海能制氧有限公司,9164022127491391N
2104.0,宁夏,宁夏目盛高新产业股份有限公司,91640200MA75W4KG8W
2105.0,宁夏,华储宁夏工业投资有限公司,91640000MA75QZ3982A
2106.0,宁夏,宁夏盈元能源化学有限公司,91640381MA75WDQ50M
2107.0,宁夏,宁夏可可类生物工程有限公司,91640381A7819735D
2108.0,宁夏,宁夏大唐国际沙坡头发电有限责任公司,91640302E750823663B
2109.0,宁夏,青铜峡制氢发展有限公司,91640381B78280926S
2110.0,宁夏,中能吴忠热电有限责任公司,91640306B4218087T
2111.0,宁夏,宁夏宁电投有限公司,916400007537950425
2112.0,宁夏,中冶美利云产业投资股份有限公司,916400002276950035
2113.0,宁夏,国家电投集团宁夏能源铝业中卫热电有限公司,91640500574895704Q
2114.0,宁夏,宁夏天元炭相有限公司,916405213973047303
2115.0,宁夏,宁夏吴兴胜热业科技有限公司,9164040MA75W199BG
2116.0,宁夏,神华国电宁夏煤电有限公司,9164000684236419S
2117.0,宁夏,宁夏宝丰能源集团股份有限公司,916400007749178406
2118.0,宁夏,中国石化化旅追能化工（宁夏）有限公司,916400005541616821
2119.0,宁夏,宁夏度南考大发电有限责任公司,9164000076427556R
2120.0,宁夏,宁夏利华化学有限责任公司,916400007150507651
2121.0,宁夏,宁夏泉发电有限责任公司,916412006943211825
2122.0,宁夏,华电国际电子有限责任公司,91650200679291512E
2123.0,新疆,伊犁金播股份,91654002568516141H
2124.0,新疆,伊犁创想,91654002564379623N
2125.0,新疆,哈电公司伊犁电力发展有限公司,9164300035725114A
2126.0,新疆,于洪冶金实业股份沙子电焊机,916540216868406461
2127.0,新疆,伊犁伊仁生物技术有限公司,91654025748566923J
2128.0,新疆,中粮电厂伊柳化工,916500007434533245
2129.0,新疆,王丽英伊里阿二徐镇矿石,9165002576922480
2130.0,新疆,五道口大学化工有限责任公司,91654000524341456F
2131.0,新疆,黔江地区股份,916510002860291BJ
2132.0,新疆,中国电机红雁池抑厂家,91651000225860180U
2133.0,新疆,华电工新,9165100026861158J
2134.0,新疆,华电国际网络公司乌鲁木齐分公司,916510002566667699P
2135.0,新疆,北京国电电力有限公司新疆东热电厂,916510069792518922
2136.0,新疆,神华新创江集团有限公司,91651009MA77GJN8B
2137.0,新疆,新疆特能股份有限公司,9165000240763030R
2138.0,新疆,新疆丰生物业技术有限公司,91651000589323493W
2139.0,新疆,新疆化学最终生命科技有限公司,9165000756200799C
2140.0,新疆,中国石油天然气华为分公司鲁本科赤石化公司,91650027581602978
2141.0,,新疆天龙矿业股份有限公司,9165000722355102Y
2142.0,新疆,新疆其亚电力有限公司,916523275643616373
2143.0,新疆,神华神东电力新疆轮台五彩湾发电有限公司,91652327805351693N
2144.0,新疆,大唐呼图壁能源开发有限公司热电厂,9165233592871128A
2145.0,新疆,国网能源康发电有限公司,9165230292765456P
2146.0,新疆,华能新疆康热电有限责任公司,9165230271088412X8
2147.0,新疆,新疆翔犇发电有限责任公司,916523246864527720
2148.0,新疆,新疆翱翔科技有限责任公司,916523247486629665
2149.0,新疆,新疆天电合智能源技术有限公司,9165230055911670J
2150.0,新疆,华电新疆发电有限公司昌吉分公司,916523006978225134
2151.0,新疆,特变电工股份有限公司能源动力分公司,9165000071077489D
2152.0,新疆,玛纳斯厚苓达托有限公司,91652324397431566L
2153.0,新疆,新疆联能源有限公司,9165232766667022XF
2154.0,新疆,新疆昌吉控股能源有限责任公司,91652301280166608
2155.0,新疆,中能电磁电能有限公司,9165232560529033Y
2156.0,新疆,新疆蛟山电力能源有限公司,91652300057732834U
2157.0,新疆,新疆洁化工有限限公司,916523069874857XM
2158.0,新疆,新疆中移华学院股份有限公司,91650000689594039B
2159.0,新疆,新疆丰喜育有限有限公司,9165230263603830F
2160.0,新疆,新疆神火电有限公司,9165232576438759K9
2161.0,新疆,新疆东方希望有色金属有限公司,9165232564387693P
2162.0,新疆,新疆湘源资本控股有限公司,916523245725455833
2163.0,新疆,新疆泰斯控化工有限责任公司,916523000853547475
2164.0,新疆,国电电力郑孜发电有限公司,91652300524399780
2165.0,新疆,中国石油天然气股份有限公司独山子化化分公司,91650202712988411
2166.0,新疆,新疆天乘公司有限公司,9165423269787115X
2167.0,新疆,国家电投集团新疆能源化工有限责任公司乌热电分公司,9165420266846516XM
2168.0,新疆,国网能源样星机械有限公司,9165422676056693U
2169.0,新疆,中粮屯河股份有限公司领辔业北分公司,916542272696882XB
2170.0,新疆,中铝屯河开榨机械有限公司,9165270079703359F
2171.0,新疆,新疆十完毕业有限公司,9165270078637475J
2172.0,新疆,新疆圣维能服份有限公司（热电厂）,9165420049773679317P
2173.0,新疆,新疆丰孚光芒光热能化有限公司热电厂,916542225166994774C
2174.0,新疆,国网能源燃气冷热有限公司（大新疆电厂家）,9165270051616414X2
2175.0,新疆,国网能源热燃热电有限公司,91652700516414X2
2176.0,新疆,中煤检查发电有限公司,9165230595196391M
2177.0,新疆,新疆华电热热电有限责任公司,91652305500209198R
2178.0,新疆,国电哈密煤电开发有限公司,9165220313310050Y
2179.0,新疆,新疆广汇新能源有限公司,9165222379226828X
2180.0,新疆,哈密华新能源有限公司克苏热电有限责任公司,916529005896546579
2181.0,新疆,国电库车发电有限公司,91652937242246311
2182.0,新疆,新疆粟特糖业有限公司,916529007269816100
2183.0,新疆,浙江巨化苏热电有限公司,91652900584793015P
2184.0,新疆,华能新疆能源开发有限公司轮台热电分公司,916528226978271704
2185.0,新疆,若羌玖龙供热有限公司,91652824697833518
2186.0,新疆,新疆奥兰实业有限责任公司,916528012297473455
2187.0,新疆,新疆雪龙葡萄有限公司,91652801636451173
2188.0,新疆,中粮屯河股份有限公司焉耆糖业分公司,91652826723282357
2189.0,新疆,国电库尔勒发电有限公司,91652805184752256D
2190.0,新疆,国投新罗罗布泊钾盐有限公司责任公司,91652800722329078T
2191.0,新疆,新疆龙光化工股份有限公司,911300067375568N
2192.0,新疆,新疆华电奎屯热电有限责任公司,91653101580206661E
2193.0,新疆,华威和田发电有限公司,91653200637432932XW
2194.0,新疆,新疆能建生物发电有限公司,9165310378998242H
2195.0,新疆,新疆特变哈密能源有限责任公司,9165232770694701X
2196.0,新疆,中煤能源新疆煤化有限责任公司,916532276864714394
2197.0,新疆,大唐热量在额济纳—龙吴有限公司,91653008327373568R
2198.0,新疆,阿拉尔能源热电有限责任公司,9165900527642042Q
2199.0,兵团,新疆金川热电有限责任公司,91652827592892321R
2200.0,兵团,肉木舒克热电有限公司,91659003959154857W
2201.0,兵团,新疆绿华能源有限公司,91654023731795070B
2202.0,兵团,新疆伊力特实业股份有限公司,9165000710892189L
2203.0,兵团,霍尔斯斯耐热电有限责任公司,9165400455244104XR
2204.0,兵团,伊宁县陶河热电有限责任公司,91654021333021299I
2205.0,兵团,伊犁州霍哈热电有限责任公司,916540210462074347H
2206.0,兵团,新疆建能能发展有限公司,9165270059813513P
2207.0,兵团,新疆润宇斯坦能源有限公司,916590046934446071
2208.0,兵团,新疆梅龙建设股份有限公司,91654009546855917R
2209.0,兵团,新疆天鸿煤炭有限公司,91654030666044058
2210.0,兵团,壹中煤热电有限责任公司,91654003969145681
2211.0,兵团,新疆华电哈密能源有限公司重非法热电分公司,9165400677611523R
2212.0,兵团,壹中煤澳门有限公司,9165000711827840Y
2213.0,兵团,天辰化工有限公司,9165900515243777B
2214.0,兵团,天能化工有限公司,916590109550151XB
2215.0,兵团,天伟化工有限公司,
2216.0,,,
2217.0,兵团,新疆生产建设兵团第八师天山铝业股份有限公司,916590015605236510
2218.0,兵团,新疆天润合盈热能有限公司,91659001568856987W
2219.0,兵团,新疆天富能源售电有限公司,91659001MA776CG048
2220.0,兵团,石河子市固能塑燃投资有限公司,91659001556435903
2221.0,兵团,新疆天富能源股份有限公司,9165000718900147A
2222.0,兵团,新疆绿翔棉业有限责任公司,91654221751686381Y
2223.0,兵团,新疆电音热电有限责任公司,9165900565529095R
2224.0,兵团,新疆生产建设兵团红星发电有限公司,91652200313472826B
2225.0,兵团,阿拉尔市中泰纺织科技有限公司,9165900232881813XD
